,Timestamp,Open,High,Low,Close,Volume
0,2023-10-28 04:45:00,34073.31,34089.0,34070.0,34085.9,135.45071
1,2023-10-28 05:00:00,34085.9,34138.32,34085.9,34132.87,228.2979
2,2023-10-28 05:15:00,34132.86,34185.0,34109.09,34123.19,287.21374
3,2023-10-28 05:30:00,34123.19,34139.33,34069.8,34131.99,266.24764
4,2023-10-28 05:45:00,34131.98,34134.4,34086.22,34086.22,101.38954
5,2023-10-28 06:00:00,34086.22,34117.7,34062.0,34117.11,99.62356
6,2023-10-28 06:15:00,34117.1,34117.11,34082.08,34104.0,182.5739
7,2023-10-28 06:30:00,34104.0,34104.0,34070.0,34078.06,95.01868
8,2023-10-28 06:45:00,34078.06,34097.88,34040.28,34061.28,200.89663
9,2023-10-28 07:00:00,34061.61,34074.1,34050.0,34064.15,116.3901
10,2023-10-28 07:15:00,34064.14,34083.7,34064.14,34083.69,78.5613
11,2023-10-28 07:30:00,34083.7,34083.7,34076.56,34076.57,85.77646
12,2023-10-28 07:45:00,34076.57,34076.57,34037.45,34044.99,121.48844
13,2023-10-28 08:00:00,34045.0,34063.83,34031.26,34063.78,155.61009
14,2023-10-28 08:15:00,34063.79,34085.5,34041.17,34060.29,103.1663
15,2023-10-28 08:30:00,34060.28,34092.59,34060.28,34092.58,90.86001
16,2023-10-28 08:45:00,34092.58,34100.0,34067.08,34090.0,151.82529
17,2023-10-28 09:00:00,34090.0,34093.65,34058.82,34088.52,113.46261
18,2023-10-28 09:15:00,34088.52,34100.0,34060.0,34066.68,153.87872
19,2023-10-28 09:30:00,34066.69,34108.68,34066.67,34096.98,152.15627
20,2023-10-28 09:45:00,34096.98,34109.99,34086.19,34086.3,137.02117
21,2023-10-28 10:00:00,34086.31,34100.0,34086.3,34099.98,146.60368
22,2023-10-28 10:15:00,34099.98,34099.99,34083.0,34098.49,82.94176
23,2023-10-28 10:30:00,34098.48,34099.91,34070.53,34070.53,160.49992
24,2023-10-28 10:45:00,34070.54,34100.83,34070.53,34100.82,169.42163
25,2023-10-28 11:00:00,34100.82,34179.0,34098.0,34164.84,336.15484
26,2023-10-28 11:15:00,34164.85,34493.33,34164.84,34317.91,1631.76469
27,2023-10-28 11:30:00,34317.91,34379.42,34133.37,34206.5,936.11421
28,2023-10-28 11:45:00,34206.5,34220.0,34154.41,34175.84,370.57426
29,2023-10-28 12:00:00,34175.85,34209.35,34130.0,34139.99,263.3195
30,2023-10-28 12:15:00,34140.0,34177.73,34100.0,34155.97,310.82077
31,2023-10-28 12:30:00,34155.96,34160.0,34126.07,34140.01,140.32475
32,2023-10-28 12:45:00,34140.01,34140.01,33907.79,34022.58,942.40066
33,2023-10-28 13:00:00,34022.59,34059.0,33930.02,34056.01,318.35093
34,2023-10-28 13:15:00,34056.01,34086.4,34035.48,34068.01,156.845
35,2023-10-28 13:30:00,34068.0,34096.0,34065.85,34070.66,169.40465
36,2023-10-28 13:45:00,34070.65,34134.02,34060.0,34129.55,158.18175
37,2023-10-28 14:00:00,34129.55,34154.88,34086.19,34147.58,194.93887
38,2023-10-28 14:15:00,34147.57,34153.88,34045.81,34101.69,215.8812
39,2023-10-28 14:30:00,34101.69,34110.67,34070.01,34092.13,175.32863
40,2023-10-28 14:45:00,34092.12,34098.51,34062.81,34096.99,123.92929
41,2023-10-28 15:00:00,34096.99,34116.64,34070.9,34116.63,151.43525
42,2023-10-28 15:15:00,34116.64,34155.0,34116.63,34148.0,113.23011
43,2023-10-28 15:30:00,34148.01,34197.53,34119.99,34185.45,190.91938
44,2023-10-28 15:45:00,34185.44,34239.7,34168.02,34192.98,274.52836
45,2023-10-28 16:00:00,34192.97,34192.98,34129.56,34131.26,228.37884
46,2023-10-28 16:15:00,34131.26,34157.79,34110.42,34149.94,239.42877
47,2023-10-28 16:30:00,34149.94,34149.95,34103.25,34119.49,292.27978
48,2023-10-28 16:45:00,34119.49,34139.91,34107.9,34135.13,135.03365
49,2023-10-28 17:00:00,34135.14,34135.14,34105.81,34114.43,133.97079
50,2023-10-28 17:15:00,34114.43,34131.76,34077.42,34131.75,101.16447
51,2023-10-28 17:30:00,34131.75,34140.0,34117.57,34117.89,73.942
52,2023-10-28 17:45:00,34117.9,34136.0,34100.56,34134.09,98.62609
53,2023-10-28 18:00:00,34134.08,34134.09,34077.0,34093.81,136.22229
54,2023-10-28 18:15:00,34093.82,34124.52,34078.0,34082.65,130.12442
55,2023-10-28 18:30:00,34082.65,34157.56,34082.65,34132.3,101.35435
56,2023-10-28 18:45:00,34132.3,34219.58,34132.3,34162.0,144.59846
57,2023-10-28 19:00:00,34162.01,34162.01,34134.29,34146.0,81.98114
58,2023-10-28 19:15:00,34146.0,34174.85,34140.0,34149.99,87.69048
59,2023-10-28 19:30:00,34150.0,34165.97,34124.45,34138.0,78.58761
60,2023-10-28 19:45:00,34137.99,34138.0,34112.07,34112.07,67.27907
61,2023-10-28 20:00:00,34112.07,34140.0,34092.96,34120.0,120.64963
62,2023-10-28 20:15:00,34120.01,34132.92,34114.68,34119.0,76.30227
63,2023-10-28 20:30:00,34118.99,34130.86,34098.25,34110.01,67.3857
64,2023-10-28 20:45:00,34110.0,34130.0,34107.96,34126.1,43.3439
65,2023-10-28 21:00:00,34126.1,34185.0,34126.1,34180.91,104.80088
66,2023-10-28 21:15:00,34180.92,34185.0,34154.41,34176.0,69.93442
67,2023-10-28 21:30:00,34176.0,34189.54,34172.53,34183.36,60.56596
68,2023-10-28 21:45:00,34183.35,34190.0,34183.35,34190.0,45.3205
69,2023-10-28 22:00:00,34190.0,34190.0,34154.93,34161.09,66.62549
70,2023-10-28 22:15:00,34161.09,34161.09,34095.06,34110.0,101.03885
71,2023-10-28 22:30:00,34109.99,34122.29,34060.78,34122.0,137.04031
72,2023-10-28 22:45:00,34121.99,34122.0,34094.02,34104.37,74.88821
73,2023-10-28 23:00:00,34104.37,34109.99,34063.94,34082.81,115.09322
74,2023-10-28 23:15:00,34082.8,34097.8,34065.53,34097.8,98.61901
75,2023-10-28 23:30:00,34097.79,34097.8,34070.52,34083.99,94.08759
76,2023-10-28 23:45:00,34084.0,34106.12,34081.0,34081.0,54.76258
77,2023-10-29 00:00:00,34081.01,34081.01,34042.2,34071.03,166.97568
78,2023-10-29 00:15:00,34071.03,34085.0,34070.43,34084.16,64.70616
79,2023-10-29 00:30:00,34084.15,34090.0,34046.34,34089.99,90.25686
80,2023-10-29 00:45:00,34090.0,34099.62,34071.02,34075.99,124.23918
81,2023-10-29 01:00:00,34075.99,34093.5,34035.3,34042.27,113.88408
82,2023-10-29 01:15:00,34042.26,34056.84,33953.74,33991.73,399.31796
83,2023-10-29 01:30:00,33991.72,34030.0,33952.0,34021.86,193.61406
84,2023-10-29 01:45:00,34021.87,34031.96,34000.0,34006.54,87.448
85,2023-10-29 02:00:00,34006.53,34008.0,33979.31,33992.38,165.07991
86,2023-10-29 02:15:00,33992.37,34020.0,33979.08,34017.12,83.05189
87,2023-10-29 02:30:00,34017.13,34017.13,33967.12,34004.01,70.33878
88,2023-10-29 02:45:00,34004.0,34032.2,33995.0,34032.2,81.66486
89,2023-10-29 03:00:00,34032.2,34032.2,33988.44,34000.0,113.42912
90,2023-10-29 03:15:00,33999.99,34012.4,33989.8,33998.97,78.14271
91,2023-10-29 03:30:00,33998.97,34001.94,33994.0,33999.99,67.12301
92,2023-10-29 03:45:00,33999.99,34000.0,33958.61,33970.87,105.55953
93,2023-10-29 04:00:00,33970.87,33998.0,33930.0,33998.0,110.40582
94,2023-10-29 04:15:00,33997.99,34032.0,33997.98,34023.06,109.63511
95,2023-10-29 04:30:00,34023.05,34030.81,34010.23,34026.6,97.51095
96,2023-10-29 04:45:00,34026.61,34048.77,34013.18,34020.01,109.92427
97,2023-10-29 05:00:00,34020.01,34020.01,34009.19,34015.91,49.82715
98,2023-10-29 05:15:00,34015.92,34031.77,34000.0,34015.92,112.95004
99,2023-10-29 05:30:00,34015.92,34035.11,34015.91,34035.1,71.06452
100,2023-10-29 05:45:00,34035.1,34035.11,34030.0,34032.35,53.33836
101,2023-10-29 06:00:00,34032.36,34067.59,34017.39,34055.39,94.23783
102,2023-10-29 06:15:00,34055.39,34060.16,34050.08,34060.16,47.28328
103,2023-10-29 06:30:00,34060.15,34109.04,34060.15,34106.01,112.09746
104,2023-10-29 06:45:00,34106.02,34136.28,34086.0,34090.01,120.449
105,2023-10-29 07:00:00,34090.01,34100.0,34070.0,34071.99,70.74162
106,2023-10-29 07:15:00,34071.99,34088.34,34060.0,34088.33,58.77824
107,2023-10-29 07:30:00,34088.33,34089.99,34070.31,34085.13,69.68081
108,2023-10-29 07:45:00,34085.13,34126.92,34076.6,34076.61,118.80493
109,2023-10-29 08:00:00,34076.6,34135.14,34074.44,34131.16,124.98422
110,2023-10-29 08:15:00,34131.15,34149.0,34113.4,34118.81,100.75695
111,2023-10-29 08:30:00,34118.8,34162.63,34118.0,34162.49,124.88747
112,2023-10-29 08:45:00,34162.49,34259.21,34162.49,34241.64,382.75396
113,2023-10-29 09:00:00,34241.65,34300.0,34166.22,34192.51,425.53898
114,2023-10-29 09:15:00,34192.52,34249.99,34177.5,34232.85,182.09263
115,2023-10-29 09:30:00,34232.84,34265.0,34223.08,34242.06,143.29503
116,2023-10-29 09:45:00,34242.06,34258.13,34210.0,34210.31,103.48099
117,2023-10-29 10:00:00,34210.31,34212.44,34175.65,34187.43,127.95014
118,2023-10-29 10:15:00,34187.42,34193.22,34180.0,34193.22,52.58532
119,2023-10-29 10:30:00,34193.21,34196.49,34162.83,34177.59,94.036
120,2023-10-29 10:45:00,34177.58,34181.62,34152.0,34171.48,132.47376
121,2023-10-29 11:00:00,34171.48,34199.0,34161.24,34198.99,130.75439
122,2023-10-29 11:15:00,34199.0,34321.89,34197.41,34289.67,384.47728
123,2023-10-29 11:30:00,34289.66,34299.47,34272.25,34287.4,211.85509
124,2023-10-29 11:45:00,34287.4,34288.51,34249.9,34253.81,156.62643
125,2023-10-29 12:00:00,34253.81,34397.0,34253.8,34291.56,474.18938
126,2023-10-29 12:15:00,34291.56,34330.0,34282.9,34310.0,185.5983
127,2023-10-29 12:30:00,34310.0,34345.0,34309.99,34344.99,120.12537
128,2023-10-29 12:45:00,34345.0,34420.0,34344.99,34419.99,437.70359
129,2023-10-29 13:00:00,34420.0,34511.62,34330.0,34361.71,1006.55482
130,2023-10-29 13:15:00,34361.72,34417.37,34330.0,34390.01,254.22595
131,2023-10-29 13:30:00,34390.0,34414.0,34328.14,34378.6,238.57967
132,2023-10-29 13:45:00,34378.59,34380.0,34342.73,34379.99,146.5755
133,2023-10-29 14:00:00,34379.99,34405.16,34327.66,34349.99,209.2788
134,2023-10-29 14:15:00,34350.0,34432.39,34349.99,34422.0,195.78408
135,2023-10-29 14:30:00,34422.0,34499.0,34409.93,34475.0,278.35935
136,2023-10-29 14:45:00,34475.0,34508.67,34430.0,34479.99,388.08374
137,2023-10-29 15:00:00,34479.99,34548.0,34479.99,34529.99,573.36625
138,2023-10-29 15:15:00,34529.99,34559.22,34459.96,34519.87,366.64431
139,2023-10-29 15:30:00,34519.88,34519.88,34445.89,34456.5,240.2227
140,2023-10-29 15:45:00,34456.5,34482.39,34403.04,34449.99,226.09292
141,2023-10-29 16:00:00,34449.99,34455.82,34414.0,34428.19,221.87787
142,2023-10-29 16:15:00,34428.18,34428.19,34372.0,34375.31,197.4898
143,2023-10-29 16:30:00,34375.31,34436.26,34375.3,34388.96,275.53486
144,2023-10-29 16:45:00,34388.96,34405.19,34375.51,34397.24,170.02458
145,2023-10-29 17:00:00,34397.25,34401.26,34375.52,34398.58,145.50067
146,2023-10-29 17:15:00,34398.59,34473.96,34398.58,34448.77,243.53678
147,2023-10-29 17:30:00,34448.76,34711.2,34448.76,34645.74,1096.65455
148,2023-10-29 17:45:00,34645.75,34744.38,34548.21,34562.41,791.52572
149,2023-10-29 18:00:00,34562.41,34710.0,34557.27,34685.23,388.35182
150,2023-10-29 18:15:00,34685.24,34724.99,34655.36,34716.85,377.41601
151,2023-10-29 18:30:00,34716.84,34750.11,34625.0,34652.42,448.04172
152,2023-10-29 18:45:00,34652.41,34723.78,34632.28,34682.0,369.30775
153,2023-10-29 19:00:00,34682.0,34698.0,34565.0,34600.0,368.12559
154,2023-10-29 19:15:00,34600.0,34610.86,34511.26,34534.58,204.80491
155,2023-10-29 19:30:00,34534.59,34603.56,34534.58,34593.24,152.4228
156,2023-10-29 19:45:00,34593.24,34604.49,34558.68,34561.97,134.64273
157,2023-10-29 20:00:00,34561.97,34637.06,34561.96,34590.0,178.69024
158,2023-10-29 20:15:00,34589.99,34600.0,34556.59,34556.59,141.33537
159,2023-10-29 20:30:00,34556.59,34570.27,34530.06,34555.79,164.38628
160,2023-10-29 20:45:00,34555.8,34624.29,34555.79,34573.45,168.87441
161,2023-10-29 21:00:00,34573.46,34628.05,34563.0,34628.04,137.73183
162,2023-10-29 21:15:00,34628.05,34651.26,34604.01,34620.28,165.70156
163,2023-10-29 21:30:00,34620.29,34632.16,34552.52,34597.97,146.1651
164,2023-10-29 21:45:00,34597.96,34617.82,34400.61,34437.44,314.39816
165,2023-10-29 22:00:00,34437.44,34562.48,34437.21,34530.42,300.84884
166,2023-10-29 22:15:00,34530.42,34620.0,34530.42,34618.36,191.58205
167,2023-10-29 22:30:00,34618.37,34686.0,34618.36,34662.67,261.06445
168,2023-10-29 22:45:00,34662.68,34720.0,34651.03,34702.45,274.06946
169,2023-10-29 23:00:00,34702.45,34702.45,34625.0,34625.02,241.43688
170,2023-10-29 23:15:00,34625.01,34645.96,34577.87,34594.01,189.78003
171,2023-10-29 23:30:00,34594.01,34607.86,34525.49,34543.15,198.99377
172,2023-10-29 23:45:00,34543.15,34550.25,34453.59,34525.89,393.71062
173,2023-10-30 00:00:00,34525.88,34570.51,34525.88,34560.65,227.66892
174,2023-10-30 00:15:00,34560.65,34569.15,34525.42,34532.11,143.89996
175,2023-10-30 00:30:00,34532.11,34547.01,34451.02,34485.0,238.82161
176,2023-10-30 00:45:00,34485.0,34485.01,34454.11,34460.02,134.13954
177,2023-10-30 01:00:00,34460.03,34520.93,34444.4,34505.53,165.73437
178,2023-10-30 01:15:00,34505.54,34517.13,34490.22,34503.09,88.91651
179,2023-10-30 01:30:00,34503.08,34503.09,34458.0,34461.56,185.18304
180,2023-10-30 01:45:00,34461.55,34490.34,34405.0,34421.08,206.38895
181,2023-10-30 02:00:00,34421.09,34421.09,34181.47,34313.61,1120.03555
182,2023-10-30 02:15:00,34313.61,34319.19,34234.42,34256.61,400.97443
183,2023-10-30 02:30:00,34256.61,34297.47,34237.0,34289.99,318.70914
184,2023-10-30 02:45:00,34289.99,34333.01,34269.25,34324.58,332.05046
185,2023-10-30 03:00:00,34324.59,34328.54,34281.01,34292.25,220.21381
186,2023-10-30 03:15:00,34292.25,34292.25,34252.13,34256.8,160.81641
187,2023-10-30 03:30:00,34256.8,34284.67,34233.43,34281.9,178.70581
188,2023-10-30 03:45:00,34281.9,34300.0,34260.01,34270.42,117.55886
189,2023-10-30 04:00:00,34270.42,34303.47,34226.64,34303.47,227.55805
190,2023-10-30 04:15:00,34303.47,34322.46,34294.0,34313.55,187.43937
191,2023-10-30 04:30:00,34313.54,34347.54,34302.12,34347.53,121.27258
192,2023-10-30 04:45:00,34347.53,34347.54,34322.22,34322.23,139.49381
193,2023-10-30 05:00:00,34322.22,34348.55,34311.94,34311.94,223.05224
194,2023-10-30 05:15:00,34311.95,34311.95,34225.0,34249.99,229.58174
195,2023-10-30 05:30:00,34250.0,34314.95,34235.89,34303.67,153.95938
196,2023-10-30 05:45:00,34303.67,34305.81,34245.7,34250.99,178.99801
197,2023-10-30 06:00:00,34250.98,34279.04,34184.0,34212.17,318.15379
198,2023-10-30 06:15:00,34211.85,34322.7,34208.77,34309.42,290.51016
199,2023-10-30 06:30:00,34309.41,34309.42,34264.71,34289.31,184.25649
200,2023-10-30 06:45:00,34289.32,34318.2,34287.25,34301.19,121.78346
201,2023-10-30 07:00:00,34301.18,34344.2,34288.69,34337.12,136.08817
202,2023-10-30 07:15:00,34337.13,34341.08,34170.85,34218.34,551.8371
203,2023-10-30 07:30:00,34218.34,34272.78,34114.74,34198.51,637.03276
204,2023-10-30 07:45:00,34198.52,34244.65,34192.8,34193.46,236.47729
205,2023-10-30 08:00:00,34193.46,34239.94,34161.1,34237.66,228.86053
206,2023-10-30 08:15:00,34237.67,34253.29,34199.63,34225.69,242.23522
207,2023-10-30 08:30:00,34225.68,34437.11,34192.74,34377.63,716.89351
208,2023-10-30 08:45:00,34377.63,34436.0,34318.01,34385.32,425.68584
209,2023-10-30 09:00:00,34385.33,34506.81,34383.79,34460.02,672.75544
210,2023-10-30 09:15:00,34460.02,34624.99,34456.72,34583.62,665.22633
211,2023-10-30 09:30:00,34583.61,34679.81,34557.0,34620.01,528.44213
212,2023-10-30 09:45:00,34620.0,34630.0,34532.09,34532.09,244.98139
213,2023-10-30 10:00:00,34532.1,34564.21,34469.45,34469.45,239.8577
214,2023-10-30 10:15:00,34469.46,34525.09,34425.02,34450.0,343.38341
215,2023-10-30 10:30:00,34449.99,34560.0,34444.01,34543.34,226.73232
216,2023-10-30 10:45:00,34543.34,34580.0,34521.65,34537.52,245.45012
217,2023-10-30 11:00:00,34537.52,34580.0,34536.0,34567.25,304.60988
218,2023-10-30 11:15:00,34567.24,34578.0,34475.0,34502.4,281.93382
219,2023-10-30 11:30:00,34502.41,34581.51,34484.5,34581.51,233.48605
220,2023-10-30 11:45:00,34581.5,34656.68,34581.5,34608.51,463.46648
221,2023-10-30 12:00:00,34608.51,34665.0,34571.42,34662.99,315.95142
222,2023-10-30 12:15:00,34662.98,34827.21,34648.19,34822.67,1061.73341
223,2023-10-30 12:30:00,34822.67,34856.0,34676.36,34721.64,806.69925
224,2023-10-30 12:45:00,34721.65,34734.08,34527.06,34587.49,711.14988
225,2023-10-30 13:00:00,34587.49,34600.0,34470.0,34587.48,507.36537
226,2023-10-30 13:15:00,34587.47,34700.0,34587.47,34668.68,494.84691
227,2023-10-30 13:30:00,34668.68,34757.04,34659.2,34738.44,547.77052
228,2023-10-30 13:45:00,34738.44,34771.42,34642.34,34660.84,403.40249
229,2023-10-30 14:00:00,34660.84,34814.28,34659.92,34797.99,614.9286
230,2023-10-30 14:15:00,34797.99,34831.0,34575.0,34649.22,927.5908
231,2023-10-30 14:30:00,34649.22,34670.0,34556.0,34556.01,666.46099
232,2023-10-30 14:45:00,34556.0,34627.67,34553.1,34611.69,324.98192
233,2023-10-30 15:00:00,34611.69,34728.83,34608.23,34698.58,397.85823
234,2023-10-30 15:15:00,34698.57,34760.0,34600.64,34645.33,361.68855
235,2023-10-30 15:30:00,34645.33,34695.01,34630.0,34675.03,431.80457
236,2023-10-30 15:45:00,34675.03,34676.03,34640.0,34656.32,295.90277
237,2023-10-30 16:00:00,34656.33,34656.33,34569.6,34591.27,474.82484
238,2023-10-30 16:15:00,34591.26,34591.27,34487.23,34495.37,522.82088
239,2023-10-30 16:30:00,34495.36,34543.04,34360.0,34391.6,607.50379
240,2023-10-30 16:45:00,34391.61,34466.37,34382.0,34459.03,357.32776
241,2023-10-30 17:00:00,34459.04,34464.66,34150.55,34178.0,1385.34141
242,2023-10-30 17:15:00,34178.0,34268.0,34062.84,34255.99,1411.95525
243,2023-10-30 17:30:00,34255.99,34302.54,34222.47,34293.94,385.87208
244,2023-10-30 17:45:00,34293.93,34342.73,34282.09,34307.78,345.53122
245,2023-10-30 18:00:00,34307.79,34359.71,34302.64,34356.5,237.42735
246,2023-10-30 18:15:00,34356.5,34356.51,34267.0,34267.0,264.82682
247,2023-10-30 18:30:00,34267.01,34341.21,34264.57,34316.33,227.64538
248,2023-10-30 18:45:00,34316.33,34341.49,34280.0,34313.99,163.0872
249,2023-10-30 19:00:00,34314.0,34339.13,34285.8,34323.39,225.74623
250,2023-10-30 19:15:00,34323.4,34418.65,34317.68,34386.01,278.49757
251,2023-10-30 19:30:00,34386.0,34439.0,34373.7,34393.91,250.61755
252,2023-10-30 19:45:00,34393.91,34439.83,34380.0,34432.11,192.77976
253,2023-10-30 20:00:00,34432.12,34437.09,34331.61,34349.23,295.18379
254,2023-10-30 20:15:00,34349.24,34368.84,34320.0,34346.79,165.74521
255,2023-10-30 20:30:00,34346.8,34423.18,34328.64,34393.63,223.32879
256,2023-10-30 20:45:00,34393.63,34438.45,34393.63,34414.96,201.79515
257,2023-10-30 21:00:00,34414.95,34436.0,34359.9,34376.99,163.78096
258,2023-10-30 21:15:00,34376.99,34491.2,34376.99,34449.31,192.16433
259,2023-10-30 21:30:00,34449.31,34569.68,34449.3,34544.61,334.23751
260,2023-10-30 21:45:00,34544.61,34561.77,34506.25,34528.58,146.74128
261,2023-10-30 22:00:00,34528.57,34540.0,34465.04,34465.05,275.2736
262,2023-10-30 22:15:00,34465.04,34492.75,34459.81,34469.55,252.89069
263,2023-10-30 22:30:00,34469.55,34499.13,34455.01,34489.61,181.60176
264,2023-10-30 22:45:00,34489.61,34489.62,34455.79,34468.55,137.41373
265,2023-10-30 23:00:00,34468.55,34509.61,34448.31,34501.24,202.19084
266,2023-10-30 23:15:00,34501.24,34507.99,34455.0,34462.54,147.45558
267,2023-10-30 23:30:00,34462.53,34490.05,34452.45,34461.92,169.4611
268,2023-10-30 23:45:00,34461.92,34488.58,34460.0,34474.73,125.44273
269,2023-10-31 00:00:00,34474.74,34517.48,34448.95,34516.79,290.91023
270,2023-10-31 00:15:00,34516.79,34535.81,34481.26,34506.27,357.86338
271,2023-10-31 00:30:00,34506.27,34600.0,34501.23,34580.0,475.9641
272,2023-10-31 00:45:00,34580.01,34580.01,34478.63,34511.89,384.38564
273,2023-10-31 01:00:00,34511.89,34540.0,34447.53,34458.95,237.14451
274,2023-10-31 01:15:00,34458.94,34470.0,34388.99,34446.88,323.61637
275,2023-10-31 01:30:00,34446.88,34463.06,34423.49,34462.92,253.28342
276,2023-10-31 01:45:00,34462.93,34464.37,34435.84,34449.21,240.30193
277,2023-10-31 02:00:00,34449.21,34460.0,34400.01,34418.88,235.3662
278,2023-10-31 02:15:00,34418.87,34422.89,34361.34,34388.01,363.89331
279,2023-10-31 02:30:00,34388.01,34399.87,34296.8,34317.57,362.58286
280,2023-10-31 02:45:00,34317.57,34352.02,34260.02,34352.01,375.89777
281,2023-10-31 03:00:00,34352.02,34375.78,34308.55,34308.56,224.58773
282,2023-10-31 03:15:00,34308.55,34318.0,34275.2,34314.38,280.92997
283,2023-10-31 03:30:00,34314.37,34325.44,34231.77,34238.38,267.29228
284,2023-10-31 03:45:00,34238.39,34262.13,34202.33,34209.33,377.29439
285,2023-10-31 04:00:00,34209.32,34226.37,34185.0,34224.47,466.13036
286,2023-10-31 04:15:00,34224.46,34269.36,34224.46,34266.5,203.14702
287,2023-10-31 04:30:00,34266.5,34289.53,34233.78,34240.5,277.46866
288,2023-10-31 04:45:00,34240.5,34254.64,34214.3,34236.1,179.84729
289,2023-10-31 05:00:00,34236.11,34254.35,34194.0,34200.46,226.71641
290,2023-10-31 05:15:00,34200.46,34291.25,34166.0,34276.01,280.86042
291,2023-10-31 05:30:00,34276.01,34318.41,34270.0,34296.28,279.70529
292,2023-10-31 05:45:00,34296.27,34337.31,34282.2,34282.21,349.02017
293,2023-10-31 06:00:00,34282.21,34352.25,34258.0,34351.88,338.50236
294,2023-10-31 06:15:00,34351.87,34351.88,34260.39,34262.33,237.75835
295,2023-10-31 06:30:00,34262.34,34318.77,34139.11,34307.14,511.00637
296,2023-10-31 06:45:00,34307.13,34315.03,34222.77,34246.67,228.53891
297,2023-10-31 07:00:00,34246.67,34289.3,34224.97,34281.01,154.50838
298,2023-10-31 07:15:00,34281.01,34299.4,34159.71,34188.89,419.40686
299,2023-10-31 07:30:00,34188.89,34196.0,34082.89,34180.01,638.5345
300,2023-10-31 07:45:00,34180.02,34180.02,34130.19,34145.21,266.67444
301,2023-10-31 08:00:00,34145.22,34213.21,34025.0,34212.53,873.55535
302,2023-10-31 08:15:00,34212.53,34298.83,34201.68,34298.83,493.17364
303,2023-10-31 08:30:00,34298.82,34396.04,34280.18,34343.25,576.28484
304,2023-10-31 08:45:00,34343.25,34416.66,34340.01,34400.92,300.90665
305,2023-10-31 09:00:00,34400.92,34428.28,34370.69,34410.58,244.24425
306,2023-10-31 09:15:00,34410.57,34410.58,34337.97,34361.64,237.15338
307,2023-10-31 09:30:00,34361.65,34419.22,34354.0,34397.24,194.32727
308,2023-10-31 09:45:00,34397.24,34460.0,34385.45,34414.65,307.2759
309,2023-10-31 10:00:00,34414.65,34435.0,34372.41,34372.42,239.33694
310,2023-10-31 10:15:00,34372.42,34408.12,34354.0,34382.39,206.39129
311,2023-10-31 10:30:00,34382.4,34448.0,34378.96,34410.71,255.78892
312,2023-10-31 10:45:00,34410.71,34450.0,34398.25,34433.5,255.06597
313,2023-10-31 11:00:00,34433.49,34465.41,34385.94,34411.47,397.48277
314,2023-10-31 11:15:00,34411.47,34444.32,34399.98,34443.99,283.3442
315,2023-10-31 11:30:00,34443.99,34522.98,34443.99,34468.72,568.83717
316,2023-10-31 11:45:00,34468.72,34535.75,34468.71,34488.27,256.26586
317,2023-10-31 12:00:00,34488.26,34510.0,34470.0,34494.79,302.85986
318,2023-10-31 12:15:00,34494.78,34514.0,34384.01,34393.12,400.14365
319,2023-10-31 12:30:00,34393.11,34423.74,34345.16,34361.71,389.84741
320,2023-10-31 12:45:00,34361.71,34369.77,34269.09,34297.16,547.84069
321,2023-10-31 13:00:00,34297.17,34335.45,34256.68,34294.53,279.66429
322,2023-10-31 13:15:00,34294.53,34332.83,34285.41,34327.82,280.78852
323,2023-10-31 13:30:00,34327.83,34338.19,34200.01,34234.28,504.82853
324,2023-10-31 13:45:00,34234.28,34263.99,34138.83,34207.01,555.85661
325,2023-10-31 14:00:00,34207.01,34308.5,34130.0,34303.36,670.94488
326,2023-10-31 14:15:00,34303.36,34363.29,34240.0,34260.69,364.38246
327,2023-10-31 14:30:00,34260.69,34303.94,34167.4,34290.0,604.24288
328,2023-10-31 14:45:00,34289.99,34352.29,34271.83,34315.84,272.42528
329,2023-10-31 15:00:00,34315.85,34365.59,34186.53,34247.86,458.43127
330,2023-10-31 15:15:00,34247.86,34310.88,34150.0,34259.38,521.16299
331,2023-10-31 15:30:00,34259.37,34344.0,34188.58,34207.85,443.67829
332,2023-10-31 15:45:00,34207.85,34280.0,34196.75,34272.19,234.05004
333,2023-10-31 16:00:00,34272.19,34298.24,34223.26,34258.04,234.83458
334,2023-10-31 16:15:00,34258.04,34343.0,34256.92,34342.2,209.49933
335,2023-10-31 16:30:00,34342.2,34500.0,34291.27,34459.87,587.5566
336,2023-10-31 16:45:00,34459.87,34480.0,34402.0,34425.6,405.13292
337,2023-10-31 17:00:00,34425.61,34430.0,34350.0,34369.11,272.11286
338,2023-10-31 17:15:00,34369.1,34412.15,34352.7,34389.99,247.08252
339,2023-10-31 17:30:00,34389.99,34390.0,34355.38,34376.24,159.96661
340,2023-10-31 17:45:00,34376.24,34394.7,34355.38,34381.03,138.21036
341,2023-10-31 18:00:00,34381.04,34406.0,34370.78,34382.33,238.15735
342,2023-10-31 18:15:00,34382.33,34398.09,34368.4,34370.9,148.73205
343,2023-10-31 18:30:00,34370.89,34421.7,34335.29,34413.3,241.58745
344,2023-10-31 18:45:00,34413.3,34494.04,34371.47,34475.35,343.51878
345,2023-10-31 19:00:00,34475.36,34588.0,34456.21,34496.29,780.32872
346,2023-10-31 19:15:00,34496.29,34529.49,34428.72,34507.23,344.46028
347,2023-10-31 19:30:00,34507.23,34511.08,34431.45,34456.93,184.97457
348,2023-10-31 19:45:00,34456.94,34553.78,34434.73,34540.3,288.22885
349,2023-10-31 20:00:00,34540.3,34600.0,34508.03,34582.92,496.33048
350,2023-10-31 20:15:00,34582.92,34648.0,34573.24,34597.14,416.38454
351,2023-10-31 20:30:00,34597.15,34636.9,34580.01,34628.8,285.20611
352,2023-10-31 20:45:00,34628.81,34710.0,34583.33,34632.66,593.33966
353,2023-10-31 21:00:00,34632.66,34646.53,34554.73,34598.6,260.84197
354,2023-10-31 21:15:00,34598.6,34720.49,34512.08,34596.93,529.27285
355,2023-10-31 21:30:00,34596.94,34596.94,34538.46,34538.47,306.25682
356,2023-10-31 21:45:00,34538.46,34538.47,34430.0,34475.98,260.51536
357,2023-10-31 22:00:00,34475.98,34511.0,34444.13,34507.7,316.86261
358,2023-10-31 22:15:00,34507.71,34538.55,34506.81,34535.98,141.80604
359,2023-10-31 22:30:00,34535.99,34638.46,34513.56,34603.45,357.54791
360,2023-10-31 22:45:00,34603.45,34614.43,34551.77,34559.15,231.74758
361,2023-10-31 23:00:00,34559.16,34583.69,34516.04,34566.08,329.94824
362,2023-10-31 23:15:00,34566.08,34594.64,34566.07,34594.63,241.81178
363,2023-10-31 23:30:00,34594.64,34629.06,34584.12,34623.37,238.52114
364,2023-10-31 23:45:00,34623.37,34658.35,34601.66,34639.77,277.39937
365,2023-11-01 00:00:00,34639.78,34668.05,34571.45,34587.68,552.64157
366,2023-11-01 00:15:00,34587.68,34639.93,34502.71,34545.82,399.87114
367,2023-11-01 00:30:00,34545.83,34599.14,34508.41,34508.41,317.59153
368,2023-11-01 00:45:00,34508.41,34554.0,34500.15,34507.68,244.88071
369,2023-11-01 01:00:00,34507.67,34527.59,34465.62,34520.06,253.58503
370,2023-11-01 01:15:00,34520.06,34551.43,34494.78,34551.42,172.51548
371,2023-11-01 01:30:00,34551.42,34557.11,34482.31,34502.4,225.31139
372,2023-11-01 01:45:00,34502.4,34518.53,34475.68,34492.07,162.32564
373,2023-11-01 02:00:00,34492.08,34492.08,34426.09,34485.36,233.79083
374,2023-11-01 02:15:00,34485.37,34493.5,34455.26,34473.81,116.67143
375,2023-11-01 02:30:00,34473.8,34494.2,34469.31,34470.28,146.87822
376,2023-11-01 02:45:00,34470.29,34482.57,34446.61,34450.03,149.17662
377,2023-11-01 03:00:00,34450.04,34466.03,34434.11,34450.0,161.53598
378,2023-11-01 03:15:00,34450.0,34457.59,34408.47,34424.15,289.21093
379,2023-11-01 03:30:00,34424.15,34436.78,34400.0,34428.0,191.50416
380,2023-11-01 03:45:00,34427.99,34441.78,34408.29,34418.4,130.59529
381,2023-11-01 04:00:00,34418.39,34418.4,34386.44,34417.84,266.18609
382,2023-11-01 04:15:00,34417.84,34463.53,34417.84,34448.17,177.24017
383,2023-11-01 04:30:00,34448.16,34464.97,34447.75,34464.7,133.60868
384,2023-11-01 04:45:00,34464.7,34464.71,34414.21,34439.57,138.04243
385,2023-11-01 05:00:00,34439.57,34443.85,34392.55,34394.09,151.10522
386,2023-11-01 05:15:00,34394.09,34440.01,34383.13,34429.85,169.21182
387,2023-11-01 05:30:00,34429.84,34429.85,34360.01,34378.37,256.31554
388,2023-11-01 05:45:00,34378.37,34405.16,34333.0,34348.39,262.89118
389,2023-11-01 06:00:00,34348.4,34382.07,34316.0,34371.98,332.90945
390,2023-11-01 06:15:00,34371.98,34392.22,34367.73,34374.52,130.86245
391,2023-11-01 06:30:00,34374.52,34416.66,34368.09,34416.66,187.14175
392,2023-11-01 06:45:00,34416.66,34416.66,34396.03,34407.11,163.01614
393,2023-11-01 07:00:00,34407.1,34442.82,34392.26,34442.82,211.80756
394,2023-11-01 07:15:00,34442.81,34495.51,34442.81,34460.2,246.72666
395,2023-11-01 07:30:00,34460.2,34481.87,34432.9,34481.87,166.35445
396,2023-11-01 07:45:00,34481.87,34498.57,34451.27,34451.28,223.09299
397,2023-11-01 08:00:00,34451.28,34459.27,34422.17,34449.84,294.51609
398,2023-11-01 08:15:00,34449.85,34466.0,34411.47,34457.34,208.07906
399,2023-11-01 08:30:00,34457.33,34476.41,34450.37,34459.79,146.51508
400,2023-11-01 08:45:00,34459.78,34459.79,34435.49,34440.17,179.31659
401,2023-11-01 09:00:00,34440.17,34458.03,34415.93,34458.03,146.51377
402,2023-11-01 09:15:00,34458.02,34458.29,34428.95,34450.7,195.92162
403,2023-11-01 09:30:00,34450.7,34493.48,34440.98,34460.57,143.92088
404,2023-11-01 09:45:00,34460.57,34481.85,34435.05,34481.84,184.46672
405,2023-11-01 10:00:00,34481.84,34481.85,34440.0,34441.42,117.43478
406,2023-11-01 10:15:00,34441.42,34456.31,34428.0,34438.69,147.0879
407,2023-11-01 10:30:00,34438.69,34438.69,34371.48,34411.48,351.93322
408,2023-11-01 10:45:00,34411.48,34411.49,34353.4,34374.69,303.98864
409,2023-11-01 11:00:00,34374.69,34408.0,34345.01,34401.72,254.80204
410,2023-11-01 11:15:00,34401.73,34401.73,34345.0,34381.0,226.58362
411,2023-11-01 11:30:00,34381.0,34413.97,34376.0,34406.01,165.80385
412,2023-11-01 11:45:00,34406.02,34449.33,34376.86,34424.07,283.91327
413,2023-11-01 12:00:00,34424.07,34427.59,34395.0,34423.83,278.4381
414,2023-11-01 12:15:00,34423.83,34433.21,34345.0,34363.55,260.69466
415,2023-11-01 12:30:00,34363.55,34483.45,34354.03,34447.58,408.90638
416,2023-11-01 12:45:00,34447.58,34889.96,34447.57,34790.61,2649.25749
417,2023-11-01 13:00:00,34790.6,34876.0,34715.51,34805.91,1231.89372
418,2023-11-01 13:15:00,34805.92,35200.0,34650.21,34736.26,3504.15225
419,2023-11-01 13:30:00,34736.26,34765.98,34468.25,34559.99,2348.56325
420,2023-11-01 13:45:00,34559.99,34595.54,34400.33,34595.54,959.13292
421,2023-11-01 14:00:00,34595.54,34659.21,34531.85,34613.69,648.50076
422,2023-11-01 14:15:00,34613.69,34660.0,34557.74,34592.57,597.7147
423,2023-11-01 14:30:00,34592.57,34613.25,34538.0,34565.27,319.41226
424,2023-11-01 14:45:00,34565.28,34575.44,34097.39,34183.96,3061.26881
425,2023-11-01 15:00:00,34183.97,34307.49,34161.73,34247.6,1217.09261
426,2023-11-01 15:15:00,34247.6,34311.24,34233.97,34285.02,540.60758
427,2023-11-01 15:30:00,34285.02,34300.0,34226.37,34236.16,401.0764
428,2023-11-01 15:45:00,34236.16,34308.33,34201.0,34291.94,560.18529
429,2023-11-01 16:00:00,34291.94,34352.04,34280.02,34352.03,365.6247
430,2023-11-01 16:15:00,34352.03,34449.24,34350.0,34436.02,560.03909
431,2023-11-01 16:30:00,34436.01,34543.13,34372.0,34406.61,794.77482
432,2023-11-01 16:45:00,34406.6,34478.07,34376.73,34458.63,406.84533
433,2023-11-01 17:00:00,34458.62,34500.74,34454.09,34495.53,239.55897
434,2023-11-01 17:15:00,34495.53,34500.73,34390.0,34394.37,501.96283
435,2023-11-01 17:30:00,34394.38,34520.0,34350.0,34517.09,406.66351
436,2023-11-01 17:45:00,34517.09,34534.46,34415.21,34510.28,821.48578
437,2023-11-01 18:00:00,34510.28,34559.56,34439.89,34537.19,777.43233
438,2023-11-01 18:15:00,34537.18,34614.41,34476.94,34598.33,529.3265
439,2023-11-01 18:30:00,34598.33,34738.07,34432.76,34523.08,1040.16743
440,2023-11-01 18:45:00,34523.08,34625.0,34446.0,34578.5,781.37269
441,2023-11-01 19:00:00,34578.49,34658.3,34513.81,34513.82,639.24389
442,2023-11-01 19:15:00,34513.81,34720.43,34513.81,34678.38,636.50155
443,2023-11-01 19:30:00,34678.37,34704.23,34523.4,34585.73,662.46975
444,2023-11-01 19:45:00,34585.72,34605.99,34491.82,34557.67,456.63795
445,2023-11-01 20:00:00,34557.67,34690.0,34540.0,34652.08,563.29798
446,2023-11-01 20:15:00,34652.08,34798.01,34650.68,34793.83,707.03265
447,2023-11-01 20:30:00,34793.83,35000.0,34747.27,34956.45,1201.92685
448,2023-11-01 20:45:00,34956.46,35478.0,34938.18,35406.08,2771.72739
449,2023-11-01 21:00:00,35406.08,35582.0,35086.57,35343.02,2730.14004
450,2023-11-01 21:15:00,35343.01,35487.0,35222.22,35314.62,1470.11583
451,2023-11-01 21:30:00,35314.63,35348.25,35159.77,35231.96,549.37293
452,2023-11-01 21:45:00,35231.96,35410.0,35153.94,35380.93,571.75005
453,2023-11-01 22:00:00,35380.92,35511.62,35380.92,35477.0,869.89611
454,2023-11-01 22:15:00,35477.01,35530.16,35266.0,35274.01,809.77037
455,2023-11-01 22:30:00,35274.01,35333.61,35192.25,35278.97,564.09138
456,2023-11-01 22:45:00,35278.97,35299.57,35202.53,35280.28,335.94246
457,2023-11-01 23:00:00,35280.29,35372.06,35222.22,35358.4,309.44587
458,2023-11-01 23:15:00,35358.41,35450.0,35345.45,35430.01,480.61787
459,2023-11-01 23:30:00,35430.02,35442.21,35387.79,35433.33,309.86761
460,2023-11-01 23:45:00,35433.33,35464.1,35380.93,35421.43,305.8863
461,2023-11-02 00:00:00,35421.43,35550.0,35410.0,35540.77,677.45657
462,2023-11-02 00:15:00,35540.78,35649.99,35495.69,35505.68,600.3448
463,2023-11-02 00:30:00,35505.67,35516.8,35362.0,35373.99,580.87968
464,2023-11-02 00:45:00,35373.99,35472.56,35373.98,35423.29,358.89509
465,2023-11-02 01:00:00,35423.3,35516.17,35423.29,35467.74,237.97185
466,2023-11-02 01:15:00,35467.74,35559.6,35397.21,35559.59,584.15837
467,2023-11-02 01:30:00,35559.6,35614.25,35460.78,35609.84,352.47911
468,2023-11-02 01:45:00,35609.84,35616.01,35519.38,35567.88,299.54745
469,2023-11-02 02:00:00,35567.88,35590.0,35541.0,35554.06,227.97515
470,2023-11-02 02:15:00,35554.05,35685.97,35518.61,35589.6,606.47861
471,2023-11-02 02:30:00,35589.6,35830.22,35579.63,35731.99,968.87333
472,2023-11-02 02:45:00,35731.99,35984.99,35656.47,35678.85,1707.4677
473,2023-11-02 03:00:00,35678.85,35786.0,35650.73,35753.83,661.52919
474,2023-11-02 03:15:00,35753.83,35819.81,35622.0,35627.0,732.27304
475,2023-11-02 03:30:00,35627.01,35641.61,35550.0,35587.64,604.8286
476,2023-11-02 03:45:00,35587.65,35611.78,35556.17,35571.68,248.50584
477,2023-11-02 04:00:00,35571.68,35599.38,35483.72,35590.37,418.41974
478,2023-11-02 04:15:00,35590.38,35600.0,35505.0,35510.02,196.78684
479,2023-11-02 04:30:00,35510.01,35548.25,35500.0,35503.21,261.35139
480,2023-11-02 04:45:00,35503.2,35525.62,35445.92,35460.39,349.5423
481,2023-11-02 05:00:00,35460.38,35486.75,35280.0,35324.72,621.10546
482,2023-11-02 05:15:00,35324.71,35364.21,35168.0,35224.61,758.38347
483,2023-11-02 05:30:00,35224.61,35293.53,35165.0,35257.06,612.89606
484,2023-11-02 05:45:00,35257.06,35258.65,35152.0,35196.7,424.40449
485,2023-11-02 06:00:00,35196.69,35235.01,35092.54,35132.41,639.11357
486,2023-11-02 06:15:00,35132.41,35213.22,35063.25,35189.21,556.90898
487,2023-11-02 06:30:00,35189.21,35260.61,35167.65,35178.29,450.69259
488,2023-11-02 06:45:00,35178.3,35262.24,35165.1,35231.22,292.01807
489,2023-11-02 07:00:00,35231.21,35328.45,35221.82,35306.26,356.27472
490,2023-11-02 07:15:00,35306.26,35310.65,35235.91,35272.44,340.79651
491,2023-11-02 07:30:00,35272.44,35352.88,35272.43,35284.48,293.44167
492,2023-11-02 07:45:00,35284.49,35285.93,35212.0,35279.85,313.41793
493,2023-11-02 08:00:00,35279.86,35279.86,35095.0,35181.64,817.57082
494,2023-11-02 08:15:00,35181.64,35270.0,35165.85,35208.14,296.33149
495,2023-11-02 08:30:00,35208.14,35298.09,35205.12,35286.27,277.42313
496,2023-11-02 08:45:00,35286.26,35320.0,35270.0,35318.14,258.3678
497,2023-11-02 09:00:00,35318.14,35320.0,35266.31,35276.57,237.70227
498,2023-11-02 09:15:00,35276.57,35339.92,35253.02,35323.24,244.68913
499,2023-11-02 09:30:00,35323.25,35404.81,35315.23,35400.29,475.08937
500,2023-11-02 09:45:00,35400.29,35410.0,35357.29,35377.12,339.63848
501,2023-11-02 10:00:00,35377.12,35416.81,35336.01,35390.71,278.72968
502,2023-11-02 10:15:00,35390.71,35478.0,35388.32,35474.99,410.36477
503,2023-11-02 10:30:00,35475.0,35478.02,35377.55,35409.0,384.25684
504,2023-11-02 10:45:00,35409.0,35409.0,35351.91,35370.05,266.6595
505,2023-11-02 11:00:00,35370.06,35377.09,35304.87,35308.16,289.55691
506,2023-11-02 11:15:00,35308.16,35438.79,35308.15,35351.56,481.67938
507,2023-11-02 11:30:00,35351.56,35420.01,35335.44,35407.88,277.4169
508,2023-11-02 11:45:00,35407.88,35407.89,35353.05,35373.56,173.00758
509,2023-11-02 12:00:00,35373.56,35374.22,35304.92,35355.54,272.88275
510,2023-11-02 12:15:00,35355.53,35414.0,35316.01,35316.01,247.93322
511,2023-11-02 12:30:00,35316.02,35430.33,35316.01,35414.49,282.46008
512,2023-11-02 12:45:00,35414.49,35457.96,35345.45,35351.13,315.5351
513,2023-11-02 13:00:00,35351.12,35367.11,35152.58,35200.32,853.20443
514,2023-11-02 13:15:00,35200.32,35246.0,35129.86,35159.78,699.40144
515,2023-11-02 13:30:00,35159.77,35227.07,34680.0,34913.57,1520.07606
516,2023-11-02 13:45:00,34913.58,35036.09,34741.71,34926.96,1421.11586
517,2023-11-02 14:00:00,34926.97,35023.34,34689.93,34864.38,1334.78954
518,2023-11-02 14:15:00,34864.39,34948.65,34779.16,34833.76,826.0976
519,2023-11-02 14:30:00,34833.75,34920.14,34720.0,34900.57,828.95313
520,2023-11-02 14:45:00,34900.57,34958.06,34857.0,34924.74,474.37978
521,2023-11-02 15:00:00,34924.74,34932.53,34775.94,34778.59,651.77747
522,2023-11-02 15:15:00,34778.59,34821.92,34585.89,34646.25,1234.58228
523,2023-11-02 15:30:00,34646.24,34770.07,34537.99,34746.34,1124.37604
524,2023-11-02 15:45:00,34746.34,34763.81,34640.0,34640.01,403.13219
525,2023-11-02 16:00:00,34640.01,34728.23,34604.29,34710.57,530.05589
526,2023-11-02 16:15:00,34710.57,34739.47,34401.91,34454.85,1326.34193
527,2023-11-02 16:30:00,34454.86,34614.31,34300.0,34587.73,1388.24847
528,2023-11-02 16:45:00,34587.73,34646.0,34551.73,34646.0,597.4969
529,2023-11-02 17:00:00,34646.0,34646.0,34571.89,34615.92,433.35217
530,2023-11-02 17:15:00,34615.93,34658.33,34550.01,34595.21,431.38215
531,2023-11-02 17:30:00,34595.22,34703.01,34595.21,34700.0,424.92236
532,2023-11-02 17:45:00,34700.01,34781.25,34684.0,34771.99,510.40189
533,2023-11-02 18:00:00,34772.0,34841.57,34720.83,34830.42,536.45678
534,2023-11-02 18:15:00,34830.43,34840.77,34763.52,34817.02,414.28544
535,2023-11-02 18:30:00,34817.02,34865.21,34806.42,34846.91,320.3792
536,2023-11-02 18:45:00,34846.92,34865.69,34772.46,34847.69,252.26598
537,2023-11-02 19:00:00,34847.69,34864.77,34811.21,34854.99,336.48063
538,2023-11-02 19:15:00,34854.99,34922.86,34835.01,34910.35,336.24749
539,2023-11-02 19:30:00,34910.35,34950.0,34884.29,34921.99,361.94105
540,2023-11-02 19:45:00,34922.0,35017.42,34886.86,35000.01,516.97573
541,2023-11-02 20:00:00,35000.0,35086.0,34932.0,35052.56,652.67461
542,2023-11-02 20:15:00,35052.57,35097.19,34865.0,34903.93,784.88091
543,2023-11-02 20:30:00,34903.92,34939.35,34822.0,34865.69,517.98894
544,2023-11-02 20:45:00,34865.68,34950.0,34830.84,34903.64,332.51854
545,2023-11-02 21:00:00,34903.65,34947.98,34846.45,34924.02,327.13534
546,2023-11-02 21:15:00,34924.02,34973.64,34875.24,34900.56,263.26354
547,2023-11-02 21:30:00,34900.56,34903.17,34860.53,34869.98,188.6574
548,2023-11-02 21:45:00,34869.99,34921.93,34869.98,34921.92,168.00711
549,2023-11-02 22:00:00,34921.93,34927.5,34858.94,34876.18,173.21105
550,2023-11-02 22:15:00,34876.17,34909.81,34836.32,34874.99,156.50317
551,2023-11-02 22:30:00,34874.98,34888.81,34764.7,34792.33,349.55913
552,2023-11-02 22:45:00,34792.32,34830.15,34766.31,34788.81,200.88504
553,2023-11-02 23:00:00,34788.82,34789.25,34706.51,34774.68,241.82301
554,2023-11-02 23:15:00,34774.69,34862.61,34774.68,34846.87,206.29469
555,2023-11-02 23:30:00,34846.87,34876.36,34786.93,34868.56,136.59124
556,2023-11-02 23:45:00,34868.55,34941.59,34861.83,34941.59,263.95035
557,2023-11-03 00:00:00,34941.58,34946.5,34826.65,34865.0,365.29973
558,2023-11-03 00:15:00,34865.0,34877.41,34768.58,34771.43,299.30402
559,2023-11-03 00:30:00,34771.43,34785.2,34630.01,34738.14,582.55607
560,2023-11-03 00:45:00,34738.14,34764.42,34400.81,34510.29,1689.24206
561,2023-11-03 01:00:00,34510.3,34579.29,34463.41,34496.21,536.79857
562,2023-11-03 01:15:00,34496.22,34571.98,34366.7,34569.59,648.84523
563,2023-11-03 01:30:00,34569.59,34615.97,34560.78,34575.43,285.32003
564,2023-11-03 01:45:00,34575.43,34622.22,34501.76,34594.32,290.41263
565,2023-11-03 02:00:00,34594.33,34658.99,34552.92,34649.68,233.23683
566,2023-11-03 02:15:00,34649.69,34700.39,34630.12,34690.38,286.2565
567,2023-11-03 02:30:00,34690.37,34711.73,34639.12,34656.64,229.87871
568,2023-11-03 02:45:00,34656.64,34677.6,34607.37,34677.59,207.25995
569,2023-11-03 03:00:00,34677.59,34688.64,34629.97,34629.98,135.69332
570,2023-11-03 03:15:00,34629.97,34680.0,34624.0,34635.99,173.37482
571,2023-11-03 03:30:00,34635.99,34699.99,34635.99,34669.94,143.6633
572,2023-11-03 03:45:00,34669.94,34702.93,34660.98,34681.92,123.86507
573,2023-11-03 04:00:00,34681.91,34696.4,34635.94,34635.94,142.62513
574,2023-11-03 04:15:00,34635.95,34659.0,34589.55,34651.57,149.95911
575,2023-11-03 04:30:00,34651.57,34654.29,34535.93,34539.33,182.40516
576,2023-11-03 04:45:00,34539.33,34554.39,34310.0,34404.25,1271.7802
577,2023-11-03 05:00:00,34404.26,34466.28,34335.17,34398.06,436.98577
578,2023-11-03 05:15:00,34398.06,34471.54,34397.67,34470.79,214.21584
579,2023-11-03 05:30:00,34470.78,34511.19,34409.58,34440.35,253.02465
580,2023-11-03 05:45:00,34440.34,34553.05,34409.98,34540.72,267.25982
581,2023-11-03 06:00:00,34540.72,34558.45,34502.33,34511.2,181.3769
582,2023-11-03 06:15:00,34511.19,34563.57,34473.2,34553.69,256.19409
583,2023-11-03 06:30:00,34553.69,34561.18,34497.97,34516.06,205.51007
584,2023-11-03 06:45:00,34516.06,34516.06,34424.84,34444.92,334.38771
585,2023-11-03 07:00:00,34444.93,34490.0,34399.85,34489.17,350.78313
586,2023-11-03 07:15:00,34489.18,34505.88,34459.37,34462.6,306.56123
587,2023-11-03 07:30:00,34462.59,34491.37,34365.04,34384.67,318.53532
588,2023-11-03 07:45:00,34384.68,34465.55,34355.0,34464.97,305.10838
589,2023-11-03 08:00:00,34464.98,34626.12,34409.17,34595.2,663.33988
590,2023-11-03 08:15:00,34595.2,34606.44,34536.87,34541.11,363.15206
591,2023-11-03 08:30:00,34541.1,34541.11,34333.28,34401.87,707.41807
592,2023-11-03 08:45:00,34401.87,34466.0,34212.0,34428.07,955.07222
593,2023-11-03 09:00:00,34428.07,34448.67,34306.85,34339.13,535.16033
594,2023-11-03 09:15:00,34339.14,34374.44,34268.02,34332.07,646.15564
595,2023-11-03 09:30:00,34332.07,34362.5,34241.04,34291.93,588.74257
596,2023-11-03 09:45:00,34291.92,34349.99,34195.0,34258.94,677.10448
597,2023-11-03 10:00:00,34258.95,34262.99,34162.79,34174.19,654.16116
598,2023-11-03 10:15:00,34174.19,34266.79,34120.0,34215.03,685.10035
599,2023-11-03 10:30:00,34215.03,34257.31,34137.65,34257.31,539.72615
600,2023-11-03 10:45:00,34257.31,34280.0,34204.59,34279.34,482.10038
601,2023-11-03 11:00:00,34279.35,34279.35,34185.18,34209.64,375.10151
602,2023-11-03 11:15:00,34209.64,34260.0,34163.0,34208.43,426.04774
603,2023-11-03 11:30:00,34208.43,34250.0,34171.0,34250.0,458.61983
604,2023-11-03 11:45:00,34250.0,34281.76,34215.94,34252.4,339.58078
605,2023-11-03 12:00:00,34252.39,34260.08,34150.68,34190.42,401.31027
606,2023-11-03 12:15:00,34190.17,34300.0,34169.16,34299.99,344.17946
607,2023-11-03 12:30:00,34300.0,34420.96,34290.63,34339.94,805.30374
608,2023-11-03 12:45:00,34339.93,34450.0,34336.8,34398.09,520.36894
609,2023-11-03 13:00:00,34398.09,34462.77,34334.75,34361.81,456.75755
610,2023-11-03 13:15:00,34361.81,34400.72,34335.54,34368.18,257.99088
611,2023-11-03 13:30:00,34368.17,34430.11,34357.01,34405.21,351.81232
612,2023-11-03 13:45:00,34405.2,34584.9,34405.2,34570.8,635.75567
613,2023-11-03 14:00:00,34570.8,34611.86,34500.68,34500.68,822.40581
614,2023-11-03 14:15:00,34500.68,34735.93,34500.68,34720.93,709.76912
615,2023-11-03 14:30:00,34720.93,34788.0,34631.62,34740.13,806.48909
616,2023-11-03 14:45:00,34740.14,34780.0,34653.8,34712.69,403.5536
617,2023-11-03 15:00:00,34712.69,34773.42,34682.77,34759.04,491.34896
618,2023-11-03 15:15:00,34759.04,34847.77,34750.65,34789.48,686.67476
619,2023-11-03 15:30:00,34789.48,34848.79,34754.56,34768.92,616.22485
620,2023-11-03 15:45:00,34768.92,34827.98,34745.0,34763.71,517.94644
621,2023-11-03 16:00:00,34763.71,34822.15,34691.05,34765.82,561.09163
622,2023-11-03 16:15:00,34765.81,34765.82,34673.3,34709.62,498.87225
623,2023-11-03 16:30:00,34709.62,34726.18,34614.76,34663.85,430.9852
624,2023-11-03 16:45:00,34663.85,34666.93,34576.29,34665.96,400.9457
625,2023-11-03 17:00:00,34665.95,34669.89,34579.46,34592.16,316.82789
626,2023-11-03 17:15:00,34592.15,34627.95,34485.3,34527.76,398.679
627,2023-11-03 17:30:00,34527.77,34537.48,34340.71,34348.93,852.79765
628,2023-11-03 17:45:00,34348.92,34438.88,34323.37,34425.2,535.76263
629,2023-11-03 18:00:00,34425.21,34432.17,34351.18,34411.01,374.15705
630,2023-11-03 18:15:00,34411.01,34580.0,34367.62,34574.52,387.80183
631,2023-11-03 18:30:00,34574.53,34604.68,34503.21,34523.55,407.42435
632,2023-11-03 18:45:00,34523.56,34566.78,34480.01,34527.89,225.92768
633,2023-11-03 19:00:00,34527.89,34581.23,34507.8,34510.0,228.09261
634,2023-11-03 19:15:00,34510.0,34510.0,34419.35,34470.68,367.68997
635,2023-11-03 19:30:00,34470.68,34535.26,34444.29,34501.92,208.2773
636,2023-11-03 19:45:00,34501.92,34585.35,34478.67,34530.71,252.96785
637,2023-11-03 20:00:00,34530.71,34589.87,34485.65,34566.48,301.59919
638,2023-11-03 20:15:00,34566.48,34642.0,34566.13,34611.3,338.25709
639,2023-11-03 20:30:00,34611.29,34632.91,34575.33,34619.18,173.20882
640,2023-11-03 20:45:00,34619.18,34659.66,34591.1,34593.9,233.18279
641,2023-11-03 21:00:00,34593.9,34656.56,34593.89,34655.49,142.82295
642,2023-11-03 21:15:00,34655.48,34699.84,34655.48,34695.79,205.26139
643,2023-11-03 21:30:00,34695.78,34700.0,34652.63,34655.09,189.33992
644,2023-11-03 21:45:00,34655.09,34655.1,34583.86,34600.93,167.02605
645,2023-11-03 22:00:00,34600.94,34635.25,34568.29,34611.11,217.31422
646,2023-11-03 22:15:00,34611.11,34618.09,34563.54,34590.43,145.4985
647,2023-11-03 22:30:00,34590.42,34625.02,34572.11,34592.23,161.34981
648,2023-11-03 22:45:00,34592.23,34628.14,34592.22,34628.14,121.00084
649,2023-11-03 23:00:00,34628.13,34678.2,34611.38,34642.86,348.60135
650,2023-11-03 23:15:00,34642.86,34706.51,34630.06,34697.73,199.418
651,2023-11-03 23:30:00,34697.73,34738.04,34673.53,34677.97,192.13186
652,2023-11-03 23:45:00,34677.98,34740.0,34676.68,34716.78,154.69911
653,2023-11-04 00:00:00,34716.78,34725.0,34675.18,34699.06,215.32342
654,2023-11-04 00:15:00,34699.06,34714.44,34671.89,34681.0,196.61548
655,2023-11-04 00:30:00,34680.99,34695.28,34665.71,34689.99,142.03294
656,2023-11-04 00:45:00,34689.99,34698.39,34653.84,34696.65,100.55851
657,2023-11-04 01:00:00,34696.66,34736.4,34681.75,34736.38,121.37699
658,2023-11-04 01:15:00,34736.38,34755.08,34632.47,34660.0,214.06834
659,2023-11-04 01:30:00,34660.0,34747.85,34633.51,34741.73,172.80365
660,2023-11-04 01:45:00,34741.73,34786.68,34717.93,34768.15,216.6197
661,2023-11-04 02:00:00,34768.14,34786.66,34742.06,34750.18,155.39169
662,2023-11-04 02:15:00,34750.18,34773.79,34701.24,34701.24,178.58078
663,2023-11-04 02:30:00,34701.24,34726.65,34690.0,34699.24,77.57493
664,2023-11-04 02:45:00,34699.25,34710.0,34668.17,34673.75,138.86285
665,2023-11-04 03:00:00,34673.76,34678.81,34647.0,34647.01,125.14576
666,2023-11-04 03:15:00,34647.0,34683.59,34647.0,34676.24,75.60247
667,2023-11-04 03:30:00,34676.24,34720.06,34664.79,34715.7,76.13775
668,2023-11-04 03:45:00,34715.69,34729.33,34700.44,34708.9,83.15929
669,2023-11-04 04:00:00,34708.91,34724.39,34682.86,34705.9,126.01394
670,2023-11-04 04:15:00,34705.89,34709.49,34679.69,34690.66,93.40367
671,2023-11-04 04:30:00,34690.66,34690.67,34651.68,34654.61,118.19879
672,2023-11-04 04:45:00,34654.61,34674.7,34647.0,34671.02,110.03419
673,2023-11-04 05:00:00,34671.01,34671.02,34585.18,34598.59,295.78761
674,2023-11-04 05:15:00,34598.6,34624.69,34598.59,34615.9,128.11418
675,2023-11-04 05:30:00,34615.89,34712.03,34598.62,34702.11,220.44046
676,2023-11-04 05:45:00,34702.12,34760.0,34657.57,34760.0,189.4411
677,2023-11-04 06:00:00,34759.99,35000.0,34752.74,34884.72,1088.62687
678,2023-11-04 06:15:00,34884.72,34909.37,34720.11,34750.09,585.01326
679,2023-11-04 06:30:00,34750.09,34829.67,34721.49,34785.75,264.96464
680,2023-11-04 06:45:00,34785.76,34842.59,34770.01,34775.26,181.89053
681,2023-11-04 07:00:00,34775.27,34830.43,34775.26,34827.24,139.15826
682,2023-11-04 07:15:00,34827.24,34874.09,34815.4,34848.53,168.54799
683,2023-11-04 07:30:00,34848.54,34857.23,34773.61,34834.66,250.52078
684,2023-11-04 07:45:00,34834.65,34835.87,34759.99,34767.99,161.64329
685,2023-11-04 08:00:00,34767.99,34769.4,34709.92,34766.17,284.97688
686,2023-11-04 08:15:00,34766.18,34840.07,34766.17,34780.5,240.33939
687,2023-11-04 08:30:00,34780.49,34802.01,34780.49,34791.0,95.77211
688,2023-11-04 08:45:00,34791.01,34884.93,34791.0,34854.42,231.13976
689,2023-11-04 09:00:00,34854.43,34869.48,34750.0,34835.53,411.96741
690,2023-11-04 09:15:00,34835.53,34844.83,34784.04,34797.47,192.4796
691,2023-11-04 09:30:00,34797.46,34831.93,34770.79,34778.69,171.13393
692,2023-11-04 09:45:00,34778.68,34788.81,34752.0,34757.01,129.23667
693,2023-11-04 10:00:00,34757.0,34783.66,34726.93,34774.99,143.07357
694,2023-11-04 10:15:00,34774.99,34802.57,34773.85,34784.86,138.2318
695,2023-11-04 10:30:00,34784.85,34794.63,34739.97,34755.84,146.68996
696,2023-11-04 10:45:00,34755.83,34758.89,34726.0,34729.94,138.1256
697,2023-11-04 11:00:00,34729.94,34768.61,34722.1,34744.23,104.50093
698,2023-11-04 11:15:00,34744.23,34761.88,34735.6,34741.98,100.72809
699,2023-11-04 11:30:00,34741.73,34785.91,34738.11,34777.18,80.17897
700,2023-11-04 11:45:00,34777.19,34777.19,34680.13,34712.37,243.72685
701,2023-11-04 12:00:00,34712.37,34712.38,34678.53,34695.86,208.5556
702,2023-11-04 12:15:00,34695.87,34725.76,34688.93,34718.94,138.88601
703,2023-11-04 12:30:00,34718.95,34751.9,34707.48,34747.1,106.80739
704,2023-11-04 12:45:00,34747.09,34763.19,34710.13,34758.78,124.94908
705,2023-11-04 13:00:00,34758.78,34758.78,34731.13,34752.17,80.80153
706,2023-11-04 13:15:00,34752.17,34755.95,34700.11,34723.22,110.41274
707,2023-11-04 13:30:00,34723.22,34730.25,34693.9,34730.25,171.30538
708,2023-11-04 13:45:00,34730.24,34736.87,34656.01,34700.37,232.63406
709,2023-11-04 14:00:00,34700.36,34714.45,34682.82,34702.91,186.68736
710,2023-11-04 14:15:00,34702.91,34732.0,34694.96,34731.99,151.61004
711,2023-11-04 14:30:00,34731.99,34803.97,34731.99,34763.68,356.72703
712,2023-11-04 14:45:00,34763.68,34779.23,34721.62,34733.14,137.94835
713,2023-11-04 15:00:00,34733.14,34749.26,34672.99,34672.99,178.82114
714,2023-11-04 15:15:00,34673.0,34688.95,34644.0,34682.25,224.0264
715,2023-11-04 15:30:00,34682.24,34723.33,34682.24,34723.02,115.29143
716,2023-11-04 15:45:00,34723.03,34723.03,34685.41,34709.91,127.16782
717,2023-11-04 16:00:00,34709.91,34743.43,34699.02,34720.64,130.06173
718,2023-11-04 16:15:00,34720.64,34725.0,34698.94,34724.99,75.73
719,2023-11-04 16:30:00,34725.0,34765.54,34724.99,34741.99,180.21371
720,2023-11-04 16:45:00,34741.99,34742.0,34692.52,34694.51,102.58035
721,2023-11-04 17:00:00,34694.51,34718.85,34694.5,34715.51,79.90427
722,2023-11-04 17:15:00,34715.51,34743.86,34711.21,34733.03,85.40524
723,2023-11-04 17:30:00,34733.03,34750.0,34724.12,34744.92,94.04832
724,2023-11-04 17:45:00,34744.92,34772.53,34732.76,34761.17,151.30431
725,2023-11-04 18:00:00,34761.16,34770.75,34735.93,34753.18,80.11391
726,2023-11-04 18:15:00,34753.18,34753.18,34727.24,34740.3,95.54101
727,2023-11-04 18:30:00,34740.3,34749.41,34725.82,34749.4,69.39754
728,2023-11-04 18:45:00,34749.4,34789.81,34749.4,34780.17,94.616
729,2023-11-04 19:00:00,34780.18,34795.46,34761.43,34768.6,78.66094
730,2023-11-04 19:15:00,34768.6,34768.85,34748.8,34748.81,85.74032
731,2023-11-04 19:30:00,34748.81,34766.68,34748.04,34758.21,66.41004
732,2023-11-04 19:45:00,34758.21,34758.22,34730.73,34730.73,63.24112
733,2023-11-04 20:00:00,34730.74,34743.11,34708.54,34743.1,103.45463
734,2023-11-04 20:15:00,34743.11,34749.88,34729.55,34735.53,140.19367
735,2023-11-04 20:30:00,34735.53,34738.91,34728.09,34732.94,42.1953
736,2023-11-04 20:45:00,34732.93,34754.94,34732.93,34754.85,77.92824
737,2023-11-04 21:00:00,34754.84,34764.81,34754.8,34764.8,50.6105
738,2023-11-04 21:15:00,34764.8,34884.39,34764.8,34864.17,328.61638
739,2023-11-04 21:30:00,34864.18,34877.67,34822.55,34833.13,154.39702
740,2023-11-04 21:45:00,34833.13,34833.14,34798.01,34798.49,102.31963
741,2023-11-04 22:00:00,34798.49,34922.99,34798.48,34882.64,271.31754
742,2023-11-04 22:15:00,34882.63,34972.56,34877.88,34941.93,250.58918
743,2023-11-04 22:30:00,34941.93,35062.93,34908.85,35029.7,603.80214
744,2023-11-04 22:45:00,35029.69,35184.74,34971.36,35160.0,988.44215
745,2023-11-04 23:00:00,35160.0,35255.0,35107.26,35111.77,1026.42584
746,2023-11-04 23:15:00,35111.76,35139.91,35049.35,35067.86,310.80988
747,2023-11-04 23:30:00,35067.85,35096.81,35007.43,35037.4,284.26286
748,2023-11-04 23:45:00,35037.4,35076.36,35009.27,35062.07,192.63469
749,2023-11-05 00:00:00,35062.06,35086.31,34935.0,34954.69,462.74712
750,2023-11-05 00:15:00,34954.68,34996.22,34936.47,34976.7,192.51869
751,2023-11-05 00:30:00,34976.69,35005.59,34969.81,35004.42,196.06573
752,2023-11-05 00:45:00,35004.42,35011.1,34935.77,34978.05,218.99488
753,2023-11-05 01:00:00,34978.05,35024.94,34966.15,35003.1,137.44414
754,2023-11-05 01:15:00,35003.09,35021.1,34946.15,34959.99,210.23365
755,2023-11-05 01:30:00,34960.0,34997.7,34956.14,34997.7,125.70572
756,2023-11-05 01:45:00,34997.7,35067.94,34991.22,35064.77,184.67081
757,2023-11-05 02:00:00,35064.77,35085.29,35006.19,35020.07,176.83101
758,2023-11-05 02:15:00,35020.08,35022.41,34938.85,34963.58,158.44427
759,2023-11-05 02:30:00,34963.59,35011.1,34950.62,35008.01,138.81402
760,2023-11-05 02:45:00,35008.01,35052.65,35006.5,35049.74,137.51737
761,2023-11-05 03:00:00,35049.73,35085.0,35016.09,35063.29,186.63215
762,2023-11-05 03:15:00,35063.3,35085.0,35054.81,35080.54,143.51792
763,2023-11-05 03:30:00,35080.53,35160.0,35078.77,35143.18,232.09739
764,2023-11-05 03:45:00,35143.18,35300.0,35111.68,35277.01,800.33119
765,2023-11-05 04:00:00,35277.02,35305.75,35199.66,35221.04,620.52459
766,2023-11-05 04:15:00,35221.05,35274.07,35184.76,35207.25,264.3307
767,2023-11-05 04:30:00,35207.25,35207.26,35129.77,35133.77,277.62914
768,2023-11-05 04:45:00,35133.76,35167.14,35122.53,35151.11,168.27689
769,2023-11-05 05:00:00,35151.11,35212.61,35117.55,35207.91,203.93664
770,2023-11-05 05:15:00,35207.91,35227.41,35146.82,35159.63,170.15682
771,2023-11-05 05:30:00,35159.64,35229.42,35131.35,35133.8,208.30677
772,2023-11-05 05:45:00,35133.79,35180.79,35123.41,35163.98,141.85224
773,2023-11-05 06:00:00,35163.99,35171.68,35106.67,35125.54,220.0243
774,2023-11-05 06:15:00,35125.53,35139.25,35091.51,35104.18,139.11903
775,2023-11-05 06:30:00,35104.19,35104.19,35059.74,35059.74,215.35359
776,2023-11-05 06:45:00,35059.74,35080.49,35043.92,35057.28,189.6341
777,2023-11-05 07:00:00,35057.28,35080.49,35048.14,35048.14,142.19992
778,2023-11-05 07:15:00,35048.14,35130.98,35044.23,35124.97,154.88666
779,2023-11-05 07:30:00,35124.97,35126.29,35081.1,35108.88,155.47231
780,2023-11-05 07:45:00,35108.88,35180.0,35108.87,35162.46,258.04883
781,2023-11-05 08:00:00,35162.46,35188.68,35132.1,35145.67,252.08931
782,2023-11-05 08:15:00,35145.67,35157.96,35118.34,35127.41,250.89135
783,2023-11-05 08:30:00,35127.41,35152.94,35056.0,35067.17,303.30783
784,2023-11-05 08:45:00,35067.18,35069.1,35000.2,35024.2,325.80101
785,2023-11-05 09:00:00,35024.2,35099.99,35024.2,35088.88,213.79132
786,2023-11-05 09:15:00,35088.87,35104.14,35060.07,35065.18,271.14225
787,2023-11-05 09:30:00,35065.18,35113.07,35041.42,35101.45,247.11853
788,2023-11-05 09:45:00,35101.45,35130.0,35085.0,35096.36,141.64057
789,2023-11-05 10:00:00,35096.35,35103.85,35048.08,35048.08,185.62351
790,2023-11-05 10:15:00,35048.08,35064.37,35031.1,35058.2,131.92173
791,2023-11-05 10:30:00,35058.19,35106.06,35053.71,35101.2,116.75196
792,2023-11-05 10:45:00,35101.21,35141.89,35098.14,35121.43,269.32836
793,2023-11-05 11:00:00,35121.43,35140.0,35105.92,35109.49,246.60116
794,2023-11-05 11:15:00,35109.48,35150.0,35097.92,35124.43,286.60948
795,2023-11-05 11:30:00,35124.44,35140.0,35084.68,35084.69,177.63047
796,2023-11-05 11:45:00,35084.68,35090.0,35050.0,35085.98,171.76913
797,2023-11-05 12:00:00,35085.97,35172.2,35083.4,35083.41,243.73388
798,2023-11-05 12:15:00,35083.4,35158.84,35018.39,35133.43,369.95723
799,2023-11-05 12:30:00,35133.42,35167.0,35124.33,35150.42,209.88388
800,2023-11-05 12:45:00,35150.41,35152.12,35077.0,35083.61,161.93613
801,2023-11-05 13:00:00,35083.61,35120.3,35077.0,35077.0,162.70931
802,2023-11-05 13:15:00,35077.01,35089.65,35025.7,35055.89,193.30999
803,2023-11-05 13:30:00,35055.89,35082.86,35043.43,35057.15,102.99876
804,2023-11-05 13:45:00,35057.16,35073.18,34757.47,34831.04,973.3599
805,2023-11-05 14:00:00,34831.04,34918.0,34771.67,34873.29,499.89638
806,2023-11-05 14:15:00,34873.29,34906.17,34855.26,34903.17,197.20088
807,2023-11-05 14:30:00,34903.17,34933.44,34855.69,34899.26,243.10968
808,2023-11-05 14:45:00,34899.26,34933.51,34871.0,34897.19,219.12851
809,2023-11-05 15:00:00,34897.2,34915.55,34861.85,34872.85,196.0543
810,2023-11-05 15:15:00,34872.85,34910.0,34847.12,34909.99,155.29801
811,2023-11-05 15:30:00,34909.99,34915.93,34858.46,34858.94,122.22826
812,2023-11-05 15:45:00,34858.93,34897.49,34804.21,34882.92,191.50111
813,2023-11-05 16:00:00,34882.92,34938.35,34867.14,34908.59,176.69456
814,2023-11-05 16:15:00,34908.6,34935.51,34902.0,34920.01,104.564
815,2023-11-05 16:30:00,34920.0,34951.77,34920.0,34945.18,103.83245
816,2023-11-05 16:45:00,34945.19,34964.14,34937.92,34954.59,135.56619
817,2023-11-05 17:00:00,34954.59,35278.54,34949.1,35200.0,792.29009
818,2023-11-05 17:15:00,35200.0,35210.74,35060.39,35106.63,437.19363
819,2023-11-05 17:30:00,35106.63,35194.61,35054.85,35142.44,298.60877
820,2023-11-05 17:45:00,35142.43,35194.67,35064.0,35066.92,305.64404
821,2023-11-05 18:00:00,35066.91,35110.0,35050.0,35079.99,165.27875
822,2023-11-05 18:15:00,35079.99,35087.61,34999.44,35031.3,291.37963
823,2023-11-05 18:30:00,35031.3,35056.07,35009.81,35011.98,110.30027
824,2023-11-05 18:45:00,35011.97,35044.27,34996.22,35029.21,98.54815
825,2023-11-05 19:00:00,35029.22,35107.82,35024.5,35104.55,128.46243
826,2023-11-05 19:15:00,35104.56,35104.56,35054.82,35085.5,96.35394
827,2023-11-05 19:30:00,35085.51,35085.51,34982.96,35009.24,186.13172
828,2023-11-05 19:45:00,35009.25,35041.61,34965.83,34988.21,190.24759
829,2023-11-05 20:00:00,34988.2,35046.5,34977.43,35039.82,109.97683
830,2023-11-05 20:15:00,35039.82,35084.5,35032.16,35084.5,120.55295
831,2023-11-05 20:30:00,35084.5,35089.0,35055.52,35055.52,79.30285
832,2023-11-05 20:45:00,35055.53,35055.53,34982.14,35014.53,118.26835
833,2023-11-05 21:00:00,35014.53,35020.0,34970.09,34981.18,120.5153
834,2023-11-05 21:15:00,34981.18,34994.26,34862.9,34885.7,215.37348
835,2023-11-05 21:30:00,34885.69,34913.01,34768.2,34833.03,445.36856
836,2023-11-05 21:45:00,34833.02,34834.56,34448.0,34645.92,1280.16726
837,2023-11-05 22:00:00,34645.92,34711.81,34626.43,34671.6,329.38984
838,2023-11-05 22:15:00,34671.6,34765.64,34670.0,34759.99,148.71261
839,2023-11-05 22:30:00,34759.98,34789.32,34706.73,34789.31,145.79674
840,2023-11-05 22:45:00,34789.31,35017.8,34789.31,34971.41,345.00197
841,2023-11-05 23:00:00,34971.41,35380.0,34971.4,35167.92,1546.62262
842,2023-11-05 23:15:00,35167.93,35288.59,35072.68,35104.93,482.51191
843,2023-11-05 23:30:00,35104.94,35129.03,35039.73,35054.13,207.09004
844,2023-11-05 23:45:00,35054.12,35065.29,35011.1,35011.88,146.34347
845,2023-11-06 00:00:00,35011.89,35013.31,34905.53,34924.4,446.72502
846,2023-11-06 00:15:00,34924.4,35031.67,34919.05,35023.19,258.66261
847,2023-11-06 00:30:00,35023.19,35074.25,35023.19,35030.01,258.06442
848,2023-11-06 00:45:00,35030.0,35065.47,35030.0,35054.99,192.68193
849,2023-11-06 01:00:00,35054.98,35118.71,35051.42,35095.06,241.65425
850,2023-11-06 01:15:00,35095.07,35099.8,35047.18,35080.81,221.57379
851,2023-11-06 01:30:00,35080.8,35080.81,34881.36,34925.03,351.83225
852,2023-11-06 01:45:00,34925.03,34962.14,34840.18,34875.0,364.9575
853,2023-11-06 02:00:00,34875.01,34950.0,34875.0,34937.52,169.3215
854,2023-11-06 02:15:00,34937.53,34937.53,34836.25,34847.33,160.33481
855,2023-11-06 02:30:00,34847.32,34889.61,34832.0,34860.01,202.16383
856,2023-11-06 02:45:00,34860.0,34914.43,34857.9,34901.89,168.37899
857,2023-11-06 03:00:00,34901.88,34909.28,34832.29,34864.39,177.19031
858,2023-11-06 03:15:00,34864.39,34901.89,34830.0,34894.02,131.55398
859,2023-11-06 03:30:00,34894.02,34961.5,34894.01,34924.7,120.57297
860,2023-11-06 03:45:00,34924.7,34994.04,34924.7,34978.38,184.17224
861,2023-11-06 04:00:00,34978.38,35024.99,34910.69,34914.98,243.61257
862,2023-11-06 04:15:00,34914.98,34954.93,34868.6,34890.01,241.21291
863,2023-11-06 04:30:00,34890.01,34916.73,34839.42,34846.29,300.2416
864,2023-11-06 04:45:00,34846.29,34877.2,34836.32,34872.42,187.76475
865,2023-11-06 05:00:00,34872.42,34907.48,34850.03,34889.2,114.52536
866,2023-11-06 05:15:00,34889.19,34895.0,34730.0,34759.99,654.00987
867,2023-11-06 05:30:00,34759.99,34790.0,34725.9,34740.43,188.06564
868,2023-11-06 05:45:00,34740.43,34822.19,34735.36,34808.17,173.55121
869,2023-11-06 06:00:00,34808.17,34839.95,34765.92,34778.17,117.35665
870,2023-11-06 06:15:00,34778.18,34827.99,34762.28,34813.29,108.63981
871,2023-11-06 06:30:00,34813.29,34866.24,34813.27,34862.69,124.61473
872,2023-11-06 06:45:00,34862.68,34871.89,34831.35,34853.67,100.07993
873,2023-11-06 07:00:00,34853.68,34881.9,34849.18,34865.76,88.06635
874,2023-11-06 07:15:00,34865.76,34882.44,34820.19,34832.67,87.22922
875,2023-11-06 07:30:00,34832.66,34910.0,34820.19,34872.4,124.92658
876,2023-11-06 07:45:00,34872.4,34922.54,34871.36,34904.72,187.13141
877,2023-11-06 08:00:00,34904.72,34927.49,34860.0,34871.83,156.13899
878,2023-11-06 08:15:00,34871.83,34879.62,34827.01,34878.81,161.90716
879,2023-11-06 08:30:00,34878.8,34915.0,34865.58,34897.08,162.11815
880,2023-11-06 08:45:00,34897.07,34959.0,34868.53,34955.34,160.23298
881,2023-11-06 09:00:00,34955.34,35070.0,34938.16,35054.09,355.64439
882,2023-11-06 09:15:00,35054.09,35059.99,34983.4,35044.8,294.30711
883,2023-11-06 09:30:00,35044.8,35107.22,35044.8,35100.33,334.0561
884,2023-11-06 09:45:00,35100.34,35121.6,35042.68,35118.2,238.31574
885,2023-11-06 10:00:00,35118.19,35150.0,35086.78,35140.18,263.7876
886,2023-11-06 10:15:00,35140.18,35187.99,35134.18,35176.28,272.16888
887,2023-11-06 10:30:00,35176.28,35276.33,35155.31,35204.51,567.97295
888,2023-11-06 10:45:00,35204.51,35223.09,35134.64,35158.22,270.40483
889,2023-11-06 11:00:00,35158.23,35214.72,35057.55,35138.24,320.54699
890,2023-11-06 11:15:00,35138.24,35184.32,35120.11,35161.1,215.21325
891,2023-11-06 11:30:00,35161.1,35195.68,35148.43,35190.97,193.11989
892,2023-11-06 11:45:00,35190.97,35237.5,35167.38,35232.45,331.62127
893,2023-11-06 12:00:00,35232.45,35239.67,35161.1,35167.35,239.35302
894,2023-11-06 12:15:00,35167.36,35234.83,35113.99,35232.78,310.78915
895,2023-11-06 12:30:00,35232.79,35250.0,35157.97,35178.21,481.68154
896,2023-11-06 12:45:00,35178.2,35207.25,35140.37,35206.37,216.20892
897,2023-11-06 13:00:00,35206.38,35218.93,35069.28,35069.28,557.45569
898,2023-11-06 13:15:00,35069.29,35108.96,34938.81,34994.29,759.74328
899,2023-11-06 13:30:00,34994.29,35062.5,34922.01,34927.1,380.08482
900,2023-11-06 13:45:00,34927.1,35031.1,34902.06,35030.36,368.6018
901,2023-11-06 14:00:00,35030.36,35128.33,35025.16,35079.3,338.76141
902,2023-11-06 14:15:00,35079.3,35158.85,35043.57,35119.99,296.60421
903,2023-11-06 14:30:00,35120.0,35207.0,35053.68,35087.57,342.60175
904,2023-11-06 14:45:00,35087.57,35200.0,35074.81,35200.0,210.51155
905,2023-11-06 15:00:00,35200.0,35210.0,35124.09,35189.63,294.88508
906,2023-11-06 15:15:00,35189.64,35195.33,35121.45,35157.23,209.12157
907,2023-11-06 15:30:00,35157.23,35168.76,35075.0,35116.32,229.69088
908,2023-11-06 15:45:00,35116.32,35116.33,35061.71,35080.95,179.49785
909,2023-11-06 16:00:00,35080.95,35111.1,35020.0,35033.46,230.83152
910,2023-11-06 16:15:00,35033.45,35035.65,34960.0,35010.0,353.3651
911,2023-11-06 16:30:00,35010.0,35069.64,35001.1,35029.48,207.4121
912,2023-11-06 16:45:00,35029.49,35029.49,34923.7,34967.24,268.27461
913,2023-11-06 17:00:00,34967.23,34992.78,34902.0,34980.55,230.39529
914,2023-11-06 17:15:00,34980.55,35028.38,34930.0,34958.0,201.48683
915,2023-11-06 17:30:00,34958.0,35008.64,34912.3,34926.09,194.85976
916,2023-11-06 17:45:00,34926.1,34988.84,34900.43,34981.66,145.9236
917,2023-11-06 18:00:00,34981.67,35000.0,34857.0,34881.32,234.86985
918,2023-11-06 18:15:00,34881.33,34915.98,34810.64,34875.26,287.80451
919,2023-11-06 18:30:00,34875.25,34925.72,34872.65,34925.71,188.93264
920,2023-11-06 18:45:00,34925.71,35000.0,34920.91,34950.6,181.25074
921,2023-11-06 19:00:00,34950.6,34957.58,34923.33,34951.08,131.33143
922,2023-11-06 19:15:00,34951.09,35000.0,34951.08,34996.15,155.31083
923,2023-11-06 19:30:00,34996.15,35067.73,34986.46,35048.2,218.15823
924,2023-11-06 19:45:00,35048.21,35090.2,35048.2,35054.68,166.95543
925,2023-11-06 20:00:00,35054.67,35065.13,34955.61,34960.01,342.41528
926,2023-11-06 20:15:00,34960.01,34981.93,34914.1,34923.88,122.72231
927,2023-11-06 20:30:00,34923.89,34968.84,34912.49,34942.27,123.15045
928,2023-11-06 20:45:00,34942.27,35026.46,34937.99,35022.45,156.55799
929,2023-11-06 21:00:00,35022.45,35026.18,34953.43,34962.65,122.43133
930,2023-11-06 21:15:00,34962.65,34994.92,34892.03,34994.18,183.92731
931,2023-11-06 21:30:00,34994.18,35044.3,34974.31,35007.4,140.24113
932,2023-11-06 21:45:00,35007.4,35028.77,34984.17,35020.0,114.3218
933,2023-11-06 22:00:00,35019.99,35080.0,35019.99,35059.92,139.45295
934,2023-11-06 22:15:00,35059.92,35093.16,35047.12,35087.77,122.10172
935,2023-11-06 22:30:00,35087.77,35150.0,35071.85,35071.85,215.51331
936,2023-11-06 22:45:00,35071.86,35123.36,35068.29,35115.73,136.13173
937,2023-11-06 23:00:00,35115.74,35118.26,35002.63,35002.63,235.4726
938,2023-11-06 23:15:00,35002.64,35002.64,34946.75,34969.47,177.09299
939,2023-11-06 23:30:00,34969.46,35031.0,34967.97,35012.82,115.58245
940,2023-11-06 23:45:00,35012.82,35046.09,34990.59,35046.09,98.17525
941,2023-11-07 00:00:00,35046.09,35053.41,34973.29,35002.17,202.60682
942,2023-11-07 00:15:00,35002.18,35044.27,34931.87,34955.07,210.80619
943,2023-11-07 00:30:00,34955.07,34970.0,34830.0,34879.05,588.43335
944,2023-11-07 00:45:00,34879.06,34960.79,34860.89,34924.9,198.4143
945,2023-11-07 01:00:00,34924.89,34945.32,34902.18,34940.0,122.38189
946,2023-11-07 01:15:00,34940.0,34958.08,34845.16,34890.0,179.4968
947,2023-11-07 01:30:00,34890.0,34929.21,34870.76,34897.49,169.80663
948,2023-11-07 01:45:00,34897.49,34960.0,34888.93,34940.61,143.10617
949,2023-11-07 02:00:00,34940.62,34972.72,34931.7,34953.3,149.09215
950,2023-11-07 02:15:00,34953.3,34956.49,34808.9,34860.0,263.6618
951,2023-11-07 02:30:00,34860.01,34885.34,34834.57,34881.26,201.21471
952,2023-11-07 02:45:00,34881.25,34899.69,34801.0,34814.33,192.6722
953,2023-11-07 03:00:00,34814.32,34898.25,34790.64,34880.46,405.40742
954,2023-11-07 03:15:00,34880.47,34911.94,34880.46,34911.93,102.91546
955,2023-11-07 03:30:00,34911.94,34911.94,34859.1,34892.76,126.18705
956,2023-11-07 03:45:00,34892.75,34930.83,34880.77,34919.01,126.94997
957,2023-11-07 04:00:00,34919.01,34941.57,34850.0,34870.0,193.2603
958,2023-11-07 04:15:00,34870.0,34888.65,34843.98,34847.33,207.45842
959,2023-11-07 04:30:00,34847.34,34869.14,34824.78,34824.79,153.21439
960,2023-11-07 04:45:00,34824.79,34908.57,34822.36,34893.16,219.03
961,2023-11-07 05:00:00,34893.17,34893.19,34839.18,34861.43,185.9474
962,2023-11-07 05:15:00,34861.43,34878.29,34839.64,34850.92,189.43958
963,2023-11-07 05:30:00,34850.93,34914.84,34848.53,34871.31,167.36349
964,2023-11-07 05:45:00,34871.31,34914.77,34866.25,34913.02,97.07258
965,2023-11-07 06:00:00,34913.02,34914.76,34874.35,34898.8,93.79331
966,2023-11-07 06:15:00,34898.79,34926.91,34890.0,34890.0,68.22546
967,2023-11-07 06:30:00,34890.0,34957.06,34880.33,34949.02,171.71143
968,2023-11-07 06:45:00,34949.01,34971.77,34934.17,34964.82,149.0425
969,2023-11-07 07:00:00,34964.81,34964.82,34925.05,34940.22,119.18316
970,2023-11-07 07:15:00,34940.22,34940.22,34883.0,34885.14,181.98924
971,2023-11-07 07:30:00,34885.14,34908.25,34860.0,34908.25,132.54908
972,2023-11-07 07:45:00,34908.25,34940.0,34900.0,34937.71,133.95368
973,2023-11-07 08:00:00,34937.71,34975.9,34922.54,34958.08,211.6827
974,2023-11-07 08:15:00,34958.09,34961.66,34894.22,34903.18,234.79927
975,2023-11-07 08:30:00,34903.18,34921.61,34866.67,34885.61,161.59439
976,2023-11-07 08:45:00,34885.61,34916.0,34882.01,34906.03,139.55886
977,2023-11-07 09:00:00,34906.04,34906.04,34850.0,34853.21,156.50491
978,2023-11-07 09:15:00,34853.2,34877.54,34821.0,34850.02,251.7828
979,2023-11-07 09:30:00,34850.02,34869.96,34687.5,34820.82,820.17361
980,2023-11-07 09:45:00,34820.81,34920.01,34764.53,34785.44,493.18639
981,2023-11-07 10:00:00,34785.43,34786.93,34624.81,34703.88,869.3956
982,2023-11-07 10:15:00,34703.89,34738.21,34646.04,34715.38,421.90567
983,2023-11-07 10:30:00,34715.38,34734.65,34608.34,34651.97,403.47209
984,2023-11-07 10:45:00,34651.97,34667.35,34551.0,34643.33,725.36908
985,2023-11-07 11:00:00,34643.32,34702.22,34615.0,34702.22,330.61186
986,2023-11-07 11:15:00,34702.21,34740.82,34674.2,34702.69,279.88136
987,2023-11-07 11:30:00,34702.69,34723.93,34660.0,34683.64,194.8671
988,2023-11-07 11:45:00,34683.65,34698.03,34615.0,34627.83,282.72264
989,2023-11-07 12:00:00,34627.83,34673.33,34523.06,34615.18,521.46291
990,2023-11-07 12:15:00,34615.17,34703.65,34577.82,34644.21,380.01811
991,2023-11-07 12:30:00,34644.21,34725.01,34644.2,34717.08,216.04382
992,2023-11-07 12:45:00,34717.09,34760.07,34710.86,34737.25,209.01311
993,2023-11-07 13:00:00,34737.25,34762.46,34731.39,34747.93,194.09846
994,2023-11-07 13:15:00,34747.93,34757.12,34687.53,34688.3,290.84978
995,2023-11-07 13:30:00,34688.29,34704.03,34629.4,34663.27,306.60918
996,2023-11-07 13:45:00,34663.26,34780.14,34663.26,34780.01,284.61955
997,2023-11-07 14:00:00,34780.0,34825.01,34753.03,34790.0,357.15857
998,2023-11-07 14:15:00,34790.0,34809.41,34770.61,34773.41,201.76166
999,2023-11-07 14:30:00,34773.41,34781.0,34771.65,34776.42,22.29413
