,timestamp,Open,High,Low,Close,Volume,ph,pl,pattern_bull,pattern_bear,CHoCH,OHCL
0,2023-10-23 09:15:00,30556.6,30599.1,30468.2,30475.2,4183.715,,,False,False,False,
1,2023-10-23 09:30:00,30475.2,30531.9,30431.0,30493.5,4576.191,,,False,False,False,
2,2023-10-23 09:45:00,30493.6,30493.6,30333.0,30466.9,11604.216,,,False,False,False,
3,2023-10-23 10:00:00,30466.8,30485.2,30455.2,30468.3,2040.619,,,False,False,False,
4,2023-10-23 10:15:00,30468.3,30543.2,30463.0,30509.1,2328.916,,,False,False,False,
5,2023-10-23 10:30:00,30509.0,30543.3,30461.5,30506.1,2228.758,,,False,False,False,
6,2023-10-23 10:45:00,30506.0,30559.3,30506.0,30546.6,2389.56,,,False,False,False,
7,2023-10-23 11:00:00,30546.5,30595.0,30535.4,30547.2,2652.304,,,False,False,False,
8,2023-10-23 11:15:00,30547.1,30638.7,30542.4,30628.6,3671.048,,,False,False,False,
9,2023-10-23 11:30:00,30628.5,30693.9,30597.0,30693.9,4084.906,,,False,False,False,
10,2023-10-23 11:45:00,30693.9,30777.0,30619.0,30644.4,6996.133,30777.0,,False,False,False,
11,2023-10-23 12:00:00,30644.4,30674.8,30605.5,30637.7,3249.561,,,False,False,False,
12,2023-10-23 12:15:00,30637.7,30742.3,30614.9,30672.6,4252.252,,,False,False,False,
13,2023-10-23 12:30:00,30672.6,30686.9,30581.0,30601.5,3636.514,,,False,False,False,
14,2023-10-23 12:45:00,30601.4,30658.0,30569.5,30648.9,2422.557,,,False,False,False,
15,2023-10-23 13:00:00,30648.8,30700.0,30620.0,30669.0,2454.816,,,False,False,False,
16,2023-10-23 13:15:00,30669.1,30681.9,30535.7,30555.7,5277.661,,,False,False,False,
17,2023-10-23 13:30:00,30555.7,30576.0,30378.5,30503.8,12361.521,,30378.5,False,False,False,
18,2023-10-23 13:45:00,30503.7,30618.8,30500.0,30590.8,5232.233,,,False,False,False,
19,2023-10-23 14:00:00,30590.9,30678.0,30572.1,30675.8,3896.216,,,False,False,False,
20,2023-10-23 14:15:00,30675.7,30737.0,30630.2,30637.1,4252.325,,,False,False,False,
21,2023-10-23 14:30:00,30637.1,30725.0,30595.4,30688.5,3817.591,,,False,False,False,
22,2023-10-23 14:45:00,30688.4,30865.3,30673.0,30762.7,11090.905,,,False,False,False,
23,2023-10-23 15:00:00,30762.7,30884.5,30740.2,30875.4,6596.904,,,False,False,False,
24,2023-10-23 15:15:00,30875.3,30919.5,30754.6,30821.1,7332.787,,,False,False,False,
25,2023-10-23 15:30:00,30821.0,30900.0,30769.7,30848.4,5263.989,,,False,False,False,
26,2023-10-23 15:45:00,30848.4,30963.2,30818.1,30864.1,8523.831,,,False,False,False,
27,2023-10-23 16:00:00,30864.1,30974.9,30825.2,30890.0,7122.491,,,False,False,False,
28,2023-10-23 16:15:00,30889.9,30996.8,30784.8,30793.0,11859.984,,,False,False,False,
29,2023-10-23 16:30:00,30792.9,31089.6,30767.6,31002.5,23180.208,,,False,False,False,
30,2023-10-23 16:45:00,31002.5,31283.4,30955.3,31197.5,25770.471,,,False,False,False,
31,2023-10-23 17:00:00,31197.5,31300.0,31067.1,31158.9,16694.416,31300.0,,False,False,False,
32,2023-10-23 17:15:00,31158.9,31167.0,30800.0,30875.8,19089.028,,,False,False,False,
33,2023-10-23 17:30:00,30875.7,31067.3,30810.9,30991.8,11231.98,,,False,False,False,
34,2023-10-23 17:45:00,30991.7,31082.0,30933.7,30964.0,6267.12,,,False,False,False,
35,2023-10-23 18:00:00,30964.1,31096.5,30955.7,31093.1,4029.174,,,False,False,False,
36,2023-10-23 18:15:00,31093.0,31096.0,30955.2,30970.4,3108.128,,,False,False,False,
37,2023-10-23 18:30:00,30970.5,30992.0,30356.3,30821.9,14275.719,,30356.3,False,False,False,
38,2023-10-23 18:45:00,30821.9,31171.0,30732.8,31156.5,26850.262,,,False,False,False,
39,2023-10-23 19:00:00,31156.5,31378.8,31151.7,31246.0,19081.994,,,False,False,False,
40,2023-10-23 19:15:00,31245.9,31248.1,31060.0,31153.1,7980.518,,,False,False,False,
41,2023-10-23 19:30:00,31153.2,31282.1,31085.0,31242.0,5951.748,,,False,False,False,
42,2023-10-23 19:45:00,31242.0,31430.9,31223.4,31339.9,11557.245,,,False,False,False,
43,2023-10-23 20:00:00,31340.3,31474.3,31302.2,31444.9,10912.78,,,False,False,False,
44,2023-10-23 20:15:00,31444.9,31739.5,31435.5,31588.7,27034.297,,,False,False,False,
45,2023-10-23 20:30:00,31588.6,31829.0,31588.3,31684.2,15651.808,31829.0,,False,False,False,
46,2023-10-23 20:45:00,31684.2,31739.0,31480.6,31511.5,13747.449,,,False,False,False,
47,2023-10-23 21:00:00,31511.5,31609.6,31415.0,31459.7,7561.723,,,False,False,False,
48,2023-10-23 21:15:00,31459.8,31585.1,31405.6,31537.0,5191.043,,,False,False,False,
49,2023-10-23 21:30:00,31536.9,31646.3,31530.9,31598.5,3476.478,,,False,False,False,
50,2023-10-23 21:45:00,31598.5,31628.0,31552.1,31618.7,2034.584,,,False,False,False,
51,2023-10-23 22:00:00,31618.7,31924.9,31576.5,31877.5,12137.871,,,False,False,False,
52,2023-10-23 22:15:00,31877.5,32200.0,31801.0,32179.2,25214.965,,,False,False,False,
53,2023-10-23 22:30:00,32179.2,35981.9,32015.0,34021.5,101237.102,35981.9,,False,False,False,
54,2023-10-23 22:45:00,34021.5,34272.9,32904.5,33358.8,63974.0,,,False,False,False,
55,2023-10-23 23:00:00,33358.8,33615.0,32521.0,32911.2,35596.727,,,False,False,False,
56,2023-10-23 23:15:00,32911.3,33299.9,32864.4,33089.9,24265.754,,,False,False,False,
57,2023-10-23 23:30:00,33089.6,33149.9,32602.9,32777.7,20160.997,,,False,False,False,
58,2023-10-23 23:45:00,32777.8,33118.5,32760.0,33074.0,9751.523,,,False,False,False,
59,2023-10-24 00:00:00,33074.0,33131.1,32833.5,32982.1,11238.588,,,False,False,False,
60,2023-10-24 00:15:00,32982.1,33368.4,32916.5,33332.0,15146.01,,,False,False,False,
61,2023-10-24 00:30:00,33332.0,33638.0,33282.0,33543.7,17277.68,,,False,False,False,
62,2023-10-24 00:45:00,33543.8,33750.0,33472.4,33504.4,16365.726,,,False,False,False,
63,2023-10-24 01:00:00,33504.4,33740.8,33456.9,33598.1,12833.309,,,False,False,False,
64,2023-10-24 01:15:00,33598.3,33864.0,33563.6,33629.8,13368.463,,,False,False,False,
65,2023-10-24 01:30:00,33629.8,33821.1,33530.6,33795.7,9248.302,,,False,False,False,
66,2023-10-24 01:45:00,33795.8,34200.0,33785.8,34182.3,18683.356,,,False,False,False,
67,2023-10-24 02:00:00,34182.2,34671.0,34110.0,34441.4,31106.634,,,False,False,False,
68,2023-10-24 02:15:00,34441.3,35300.0,34415.3,34789.2,46650.128,35300.0,,False,False,False,
69,2023-10-24 02:30:00,34790.5,34960.0,34511.0,34740.9,24253.573,,,False,False,False,
70,2023-10-24 02:45:00,34740.9,34920.2,34559.0,34566.1,14790.697,,,False,False,False,
71,2023-10-24 03:00:00,34566.0,34728.0,34444.8,34676.8,12417.523,,,False,False,False,
72,2023-10-24 03:15:00,34676.8,34693.0,34550.0,34624.2,6879.28,,,False,False,False,
73,2023-10-24 03:30:00,34624.2,34688.0,34451.7,34481.3,14528.231,,,False,False,False,
74,2023-10-24 03:45:00,34481.3,34503.2,34040.0,34071.1,16487.902,,34040.0,False,False,False,
75,2023-10-24 04:00:00,34071.1,34373.6,34048.7,34332.2,10156.69,,,False,False,False,
76,2023-10-24 04:15:00,34333.1,34533.2,34333.1,34512.3,8284.935,,,False,False,False,
77,2023-10-24 04:30:00,34512.3,34566.8,34335.6,34344.3,5899.99,,,False,False,False,
78,2023-10-24 04:45:00,34344.4,34489.0,34259.4,34392.2,5267.377,,,False,False,False,
79,2023-10-24 05:00:00,34392.2,34498.0,34387.4,34478.5,4297.104,,,False,False,False,
80,2023-10-24 05:15:00,34478.5,34586.3,34405.7,34580.9,3938.295,,,False,False,False,
81,2023-10-24 05:30:00,34580.9,34597.9,34307.7,34340.0,4917.191,34597.9,,False,False,False,
82,2023-10-24 05:45:00,34340.0,34366.2,33808.2,33902.4,20463.511,,,False,False,False,
83,2023-10-24 06:00:00,33902.3,34126.1,33902.3,34074.1,8589.069,,,False,False,False,
84,2023-10-24 06:15:00,34074.0,34112.0,33800.0,33842.0,7936.021,,,False,False,False,
85,2023-10-24 06:30:00,33842.0,34052.1,33831.7,33964.5,7960.278,,,False,False,False,
86,2023-10-24 06:45:00,33964.5,34078.5,33830.5,33979.6,7318.83,,,False,False,False,
87,2023-10-24 07:00:00,33979.5,34045.8,33783.0,33899.0,6293.201,,,False,False,False,
88,2023-10-24 07:15:00,33899.1,34017.5,33710.0,33747.7,8637.498,,33710.0,False,True,False,
89,2023-10-24 07:30:00,33747.7,33923.9,33726.9,33899.2,5706.455,,,False,True,False,
90,2023-10-24 07:45:00,33899.2,34034.0,33896.4,34025.9,5247.131,,,False,True,False,
91,2023-10-24 08:00:00,34025.8,34166.3,33966.0,34057.0,7466.29,,,False,True,False,
92,2023-10-24 08:15:00,34057.0,34169.7,34000.0,34124.5,4544.217,,,False,True,False,
93,2023-10-24 08:30:00,34124.6,34235.5,34050.1,34180.7,6424.952,,,False,True,False,
94,2023-10-24 08:45:00,34180.9,34192.1,34098.4,34125.9,3299.5,,,False,True,False,
95,2023-10-24 09:00:00,34125.8,34159.2,34054.0,34148.3,3016.716,,,False,True,False,
96,2023-10-24 09:15:00,34148.4,34251.9,34080.6,34225.6,3724.74,,,False,True,False,
97,2023-10-24 09:30:00,34225.6,34463.6,34188.0,34331.0,9791.781,,,False,True,False,
98,2023-10-24 09:45:00,34331.0,34499.9,34295.3,34344.9,8116.813,,,False,True,False,
99,2023-10-24 10:00:00,34344.9,34446.6,34270.1,34298.0,5554.898,,,False,True,False,
100,2023-10-24 10:15:00,34298.0,34392.4,34260.6,34386.1,3618.96,,,False,True,False,
101,2023-10-24 10:30:00,34386.1,34462.3,34359.0,34438.7,3715.742,,,False,True,False,
102,2023-10-24 10:45:00,34438.7,34479.0,34366.8,34445.4,3197.491,,,False,True,False,
103,2023-10-24 11:00:00,34445.4,34815.0,34429.5,34684.4,11290.827,,,False,True,False,
104,2023-10-24 11:15:00,34684.2,34888.0,34560.0,34614.0,16288.46,34888.0,,False,False,True,"{'Open': 34481.3, 'High': 34503.2, 'Low': 34040.0, 'Close': 34071.1}"
105,2023-10-24 11:30:00,34614.0,34734.6,34450.5,34478.6,8594.769,,,False,False,False,
106,2023-10-24 11:45:00,34478.7,34639.3,34413.5,34550.0,6615.385,,,False,False,False,
107,2023-10-24 12:00:00,34549.9,34695.0,34511.7,34526.6,7926.783,,,False,False,False,
108,2023-10-24 12:15:00,34526.6,34628.4,34455.5,34540.0,5696.145,,,False,False,False,
109,2023-10-24 12:30:00,34540.0,34849.4,34516.6,34769.7,7327.259,,,False,False,False,
110,2023-10-24 12:45:00,34769.6,34794.4,34535.1,34573.3,5482.811,,,False,False,False,
111,2023-10-24 13:00:00,34573.3,34592.0,34263.6,34393.0,12970.585,,,False,False,False,
112,2023-10-24 13:15:00,34393.1,34496.8,34325.0,34440.0,6272.313,,,False,False,False,
113,2023-10-24 13:30:00,34440.1,34521.0,34335.6,34455.3,5363.3,,,False,False,False,
114,2023-10-24 13:45:00,34455.2,34461.6,34115.7,34434.4,10506.777,,,False,False,False,
115,2023-10-24 14:00:00,34434.5,34463.2,34302.9,34314.8,4532.951,,,False,False,False,
116,2023-10-24 14:15:00,34314.8,34368.0,34066.0,34258.6,11211.006,,,False,False,False,
117,2023-10-24 14:30:00,34258.6,34320.7,34152.3,34306.1,5296.048,,,False,False,False,
118,2023-10-24 14:45:00,34306.0,34472.9,34297.0,34422.5,5848.488,,,False,False,False,
119,2023-10-24 15:00:00,34422.6,34549.3,34255.0,34311.8,8074.396,34549.3,,False,False,False,
120,2023-10-24 15:15:00,34311.9,34361.6,33604.7,33609.7,38747.321,,,False,False,False,
121,2023-10-24 15:30:00,33609.6,33842.5,33244.0,33506.3,54010.484,,33244.0,False,False,False,
122,2023-10-24 15:45:00,33506.4,33857.2,33477.0,33674.0,19018.024,,,False,False,False,
123,2023-10-24 16:00:00,33673.9,33980.0,33490.0,33881.3,18166.851,,,False,False,False,
124,2023-10-24 16:15:00,33881.4,33954.6,33768.0,33827.9,8474.92,,,False,False,False,
125,2023-10-24 16:30:00,33827.9,34398.9,33817.9,34060.6,21140.5,34398.9,,False,False,False,
126,2023-10-24 16:45:00,34060.7,34109.0,33920.3,33940.0,7439.223,,,False,False,False,
127,2023-10-24 17:00:00,33940.0,34081.5,33855.2,33917.0,5465.622,,,False,False,False,
128,2023-10-24 17:15:00,33917.1,34049.5,33864.0,34032.2,4694.648,,,False,False,False,
129,2023-10-24 17:30:00,34032.3,34032.3,33825.3,33850.5,4617.522,,,False,False,False,
130,2023-10-24 17:45:00,33850.6,33918.5,33778.7,33785.9,3900.76,,,False,False,False,
131,2023-10-24 18:00:00,33785.9,33854.4,33588.0,33688.2,8043.94,,,False,False,False,
132,2023-10-24 18:15:00,33688.2,33719.7,33379.2,33551.0,11230.282,,33379.2,False,False,False,
133,2023-10-24 18:30:00,33550.9,33797.5,33508.7,33795.3,7933.005,,,False,False,False,
134,2023-10-24 18:45:00,33795.4,33889.1,33752.0,33860.8,4654.313,,,False,False,False,
135,2023-10-24 19:00:00,33860.9,33899.0,33716.0,33740.4,4940.406,,,False,False,False,
136,2023-10-24 19:15:00,33740.3,33837.2,33670.8,33834.4,3379.768,,,False,False,False,
137,2023-10-24 19:30:00,33834.4,33879.1,33747.3,33799.9,2523.112,,,False,False,False,
138,2023-10-24 19:45:00,33799.8,33834.6,33760.0,33792.0,1924.02,,,False,False,False,
139,2023-10-24 20:00:00,33792.0,33865.0,33711.2,33823.0,4027.916,,,False,False,False,
140,2023-10-24 20:15:00,33823.0,33969.0,33791.4,33921.6,4315.45,33969.0,,False,False,False,
141,2023-10-24 20:30:00,33921.5,33932.7,33714.6,33724.4,3210.171,,,False,False,False,
142,2023-10-24 20:45:00,33724.4,33777.3,33618.4,33659.2,3952.916,,,False,False,False,
143,2023-10-24 21:00:00,33659.1,33677.7,33485.3,33645.6,6691.666,,33485.3,False,False,False,
144,2023-10-24 21:15:00,33645.7,33731.1,33638.3,33702.6,2651.913,,,False,False,False,
145,2023-10-24 21:30:00,33702.5,33764.9,33565.1,33637.7,2807.489,,,False,False,False,
146,2023-10-24 21:45:00,33637.6,34307.5,33533.1,34123.3,17559.677,34307.5,,True,False,False,
147,2023-10-24 22:00:00,34123.3,34192.0,33853.5,34112.8,10757.411,,,True,False,False,
148,2023-10-24 22:15:00,34112.8,34228.0,34014.7,34087.6,4828.02,,,True,False,False,
149,2023-10-24 22:30:00,34087.7,34152.3,34020.0,34062.8,2970.261,,,True,False,False,
150,2023-10-24 22:45:00,34062.9,34154.4,34045.2,34152.6,2296.391,,,True,False,False,
151,2023-10-24 23:00:00,34152.6,34221.0,34081.7,34147.5,4159.375,,,True,False,False,
152,2023-10-24 23:15:00,34147.5,34147.6,33860.3,33912.7,7986.322,,,True,False,False,
153,2023-10-24 23:30:00,33912.8,33921.8,33713.5,33792.2,6062.584,,33713.5,False,False,False,
154,2023-10-24 23:45:00,33792.1,33930.3,33775.8,33917.0,3451.399,,,False,False,False,
155,2023-10-25 00:00:00,33917.0,33967.0,33831.7,33844.4,4806.706,,,False,False,False,
156,2023-10-25 00:15:00,33844.4,33955.2,33813.0,33813.0,2578.673,,,False,False,False,
157,2023-10-25 00:30:00,33813.1,33852.8,33768.6,33842.0,2513.973,,,False,False,False,
158,2023-10-25 00:45:00,33842.0,34043.7,33830.0,34027.1,4525.872,,,False,False,False,
159,2023-10-25 01:00:00,34026.9,34239.9,34002.8,34220.4,5596.667,,,False,False,False,
160,2023-10-25 01:15:00,34220.4,34371.7,34090.2,34349.2,6336.832,,,False,False,False,
161,2023-10-25 01:30:00,34349.3,34388.0,34232.4,34352.5,5365.903,34388.0,,True,False,False,
162,2023-10-25 01:45:00,34352.4,34352.4,34165.1,34195.4,5177.478,,,True,False,False,
163,2023-10-25 02:00:00,34195.3,34216.9,34130.0,34142.6,1999.032,,,True,False,False,
164,2023-10-25 02:15:00,34142.6,34158.7,34027.0,34068.9,3317.432,,,True,False,False,
165,2023-10-25 02:30:00,34069.0,34125.4,33952.9,33963.8,4801.224,,,True,False,False,
166,2023-10-25 02:45:00,33963.9,34070.0,33959.6,34005.4,2555.097,,,True,False,False,
167,2023-10-25 03:00:00,34005.5,34053.1,33975.0,34053.1,1862.966,,,True,False,False,
168,2023-10-25 03:15:00,34053.0,34077.0,33918.0,33965.1,3117.596,,33918.0,False,False,False,
169,2023-10-25 03:30:00,33965.1,34035.9,33956.8,34009.4,1325.818,,,False,False,False,
170,2023-10-25 03:45:00,34009.4,34029.6,33923.0,34003.6,1713.979,,,False,False,False,
171,2023-10-25 04:00:00,34003.7,34056.6,33948.1,33980.3,2580.957,,,False,False,False,
172,2023-10-25 04:15:00,33980.3,34086.0,33927.7,34076.4,2174.294,,,False,False,False,
173,2023-10-25 04:30:00,34076.4,34093.1,34034.9,34062.6,1803.14,,,False,False,False,
174,2023-10-25 04:45:00,34062.6,34209.4,34062.6,34194.3,3270.118,34209.4,,False,False,False,
175,2023-10-25 05:00:00,34194.3,34205.2,34102.0,34153.6,1895.168,,,False,False,False,
176,2023-10-25 05:15:00,34153.6,34171.2,33960.0,34005.6,4855.186,,,False,False,False,
177,2023-10-25 05:30:00,34005.6,34046.4,33966.1,33973.7,1946.561,,,False,False,False,
178,2023-10-25 05:45:00,33973.8,34020.7,33888.5,34011.5,2812.802,,33888.5,False,True,False,
179,2023-10-25 06:00:00,34011.5,34119.9,34002.8,34104.9,2028.438,,,False,True,False,
180,2023-10-25 06:15:00,34105.0,34170.7,34088.0,34152.4,2230.04,,,False,True,False,
181,2023-10-25 06:30:00,34152.4,34182.5,34102.7,34149.1,1833.23,,,False,True,False,
182,2023-10-25 06:45:00,34149.0,34178.4,34101.0,34122.7,1791.286,,,False,True,False,
183,2023-10-25 07:00:00,34122.8,34200.0,34104.6,34137.1,3182.689,34200.0,,False,False,False,
184,2023-10-25 07:15:00,34137.2,34149.1,33840.4,33876.5,6228.83,,,False,False,False,
185,2023-10-25 07:30:00,33876.5,33950.5,33733.0,33809.7,8090.45,,,False,False,False,
186,2023-10-25 07:45:00,33809.7,33874.8,33660.6,33853.4,7386.095,,33660.6,False,True,False,
187,2023-10-25 08:00:00,33853.4,33916.3,33777.6,33796.9,3528.34,,,False,True,False,
188,2023-10-25 08:15:00,33796.9,33933.0,33773.3,33885.7,2942.412,,,False,True,False,
189,2023-10-25 08:30:00,33885.6,34031.1,33883.7,33944.3,3762.003,,,False,True,False,
190,2023-10-25 08:45:00,33944.4,33983.6,33835.3,33944.3,3345.492,,,False,True,False,
191,2023-10-25 09:00:00,33944.4,34075.4,33873.6,34047.8,3226.025,,,False,True,False,
192,2023-10-25 09:15:00,34047.7,34329.6,34023.4,34253.5,9792.674,,,False,True,False,
193,2023-10-25 09:30:00,34253.5,34332.2,34143.9,34200.0,9409.506,34332.2,,False,False,True,"{'Open': 33973.8, 'High': 34020.7, 'Low': 33888.5, 'Close': 34011.5}"
194,2023-10-25 09:45:00,34200.0,34200.0,34076.0,34100.2,3544.074,,,False,False,False,
195,2023-10-25 10:00:00,34100.1,34115.6,34059.8,34097.0,2699.238,,,False,False,False,
196,2023-10-25 10:15:00,34097.0,34149.8,34040.3,34144.2,2865.807,,,False,False,False,
197,2023-10-25 10:30:00,34144.2,34224.9,34117.7,34203.5,3650.013,,,False,False,False,
198,2023-10-25 10:45:00,34203.5,34243.5,34164.0,34242.4,2408.958,,,False,False,False,
199,2023-10-25 11:00:00,34242.4,34325.0,34173.7,34293.1,5175.103,,,False,False,False,
200,2023-10-25 11:15:00,34293.0,34479.0,34162.3,34249.9,11857.222,34479.0,,False,False,False,
201,2023-10-25 11:30:00,34249.9,34300.0,34181.5,34190.0,3253.01,,,False,False,False,
202,2023-10-25 11:45:00,34189.9,34218.8,34169.8,34195.5,2330.517,,,False,False,False,
203,2023-10-25 12:00:00,34195.5,34394.4,34191.8,34393.0,6591.318,,,False,False,False,
204,2023-10-25 12:15:00,34393.0,34442.1,34310.5,34363.7,4922.924,,,False,False,False,
205,2023-10-25 12:30:00,34363.6,34420.0,34260.1,34325.9,4407.184,,,False,False,False,
206,2023-10-25 12:45:00,34325.8,34347.0,34278.0,34333.1,2361.67,,,False,False,False,
207,2023-10-25 13:00:00,34333.1,34572.8,34333.0,34520.5,11228.507,,,False,False,False,
208,2023-10-25 13:15:00,34520.6,34711.9,34420.8,34459.7,13034.897,,,False,False,False,
209,2023-10-25 13:30:00,34459.8,34509.2,34283.5,34309.0,8342.774,,,False,False,False,
210,2023-10-25 13:45:00,34309.1,34497.6,34292.0,34483.2,4766.032,,,False,False,False,
211,2023-10-25 14:00:00,34483.1,34489.7,34335.2,34397.4,5546.702,,,False,False,False,
212,2023-10-25 14:15:00,34397.4,34547.8,34334.0,34537.7,6230.7,,,False,False,False,
213,2023-10-25 14:30:00,34537.6,34749.7,34500.9,34671.3,13303.919,,,False,False,False,
214,2023-10-25 14:45:00,34671.4,34824.6,34605.3,34765.4,8932.918,,,False,False,False,
215,2023-10-25 15:00:00,34765.4,34884.3,34633.1,34692.6,11279.051,,,False,False,False,
216,2023-10-25 15:15:00,34692.6,34827.0,34645.0,34797.4,6008.181,,,False,False,False,
217,2023-10-25 15:30:00,34797.4,35000.0,34733.6,34831.0,15719.535,,,False,False,False,
218,2023-10-25 15:45:00,34831.0,35035.0,34823.4,34841.4,10571.424,,,False,False,False,
219,2023-10-25 16:00:00,34841.5,35154.3,34781.4,35094.1,11790.091,35154.3,,False,False,False,
220,2023-10-25 16:15:00,35094.1,35148.4,34616.0,34621.2,17769.231,,,False,False,False,
221,2023-10-25 16:30:00,34621.4,34815.3,34460.1,34631.1,13522.646,,,False,False,False,
222,2023-10-25 16:45:00,34631.3,34690.0,34471.0,34473.3,6509.109,,,False,False,False,
223,2023-10-25 17:00:00,34473.3,34623.6,34364.6,34586.7,9325.944,,34364.6,False,False,False,
224,2023-10-25 17:15:00,34586.6,34647.0,34486.2,34605.5,3742.329,,,False,False,False,
225,2023-10-25 17:30:00,34605.4,34698.0,34540.2,34551.6,4500.654,,,False,False,False,
226,2023-10-25 17:45:00,34551.5,34687.9,34548.0,34652.9,2436.673,,,False,False,False,
227,2023-10-25 18:00:00,34652.9,34736.0,34585.6,34630.2,4282.63,34736.0,,False,False,False,
228,2023-10-25 18:15:00,34630.1,34685.2,34475.0,34524.3,4714.935,,,False,False,False,
229,2023-10-25 18:30:00,34524.3,34578.0,34408.0,34527.9,5151.88,,34408.0,False,False,False,
230,2023-10-25 18:45:00,34527.9,34681.3,34513.9,34657.7,3276.351,,,False,False,False,
231,2023-10-25 19:00:00,34657.7,34679.7,34603.4,34635.0,1683.749,,,False,False,False,
232,2023-10-25 19:15:00,34635.1,34635.1,34540.3,34609.4,1928.78,,,False,False,False,
233,2023-10-25 19:30:00,34609.4,34665.3,34569.5,34570.7,1598.617,,,False,False,False,
234,2023-10-25 19:45:00,34570.6,34785.3,34556.2,34732.1,4729.494,,,False,False,False,
235,2023-10-25 20:00:00,34732.0,34847.0,34647.1,34793.0,5648.868,34847.0,,True,False,False,
236,2023-10-25 20:15:00,34793.0,34814.5,34645.5,34716.4,3642.563,,,True,False,False,
237,2023-10-25 20:30:00,34716.3,34808.9,34698.9,34799.3,1885.291,,,True,False,False,
238,2023-10-25 20:45:00,34799.3,34799.4,34575.2,34656.1,3829.817,,,True,False,False,
239,2023-10-25 21:00:00,34656.2,34753.0,34607.2,34691.3,1999.851,,,True,False,False,
240,2023-10-25 21:15:00,34691.2,34751.0,34657.3,34727.9,1097.672,,,True,False,False,
241,2023-10-25 21:30:00,34727.9,34728.0,34501.9,34587.4,3044.762,,,True,False,False,
242,2023-10-25 21:45:00,34587.4,34587.4,34512.6,34549.7,1828.427,,,True,False,False,
243,2023-10-25 22:00:00,34549.7,34605.5,34474.5,34605.5,2580.031,,,True,False,False,
244,2023-10-25 22:15:00,34605.5,34643.7,34576.8,34615.0,1690.314,,,True,False,False,
245,2023-10-25 22:30:00,34614.9,34648.8,34564.4,34615.4,1638.97,,,True,False,False,
246,2023-10-25 22:45:00,34615.4,34644.4,34549.5,34603.0,1455.734,,,True,False,False,
247,2023-10-25 23:00:00,34603.0,34616.7,34203.5,34417.8,14115.329,,34203.5,False,False,True,"{'Open': 34652.9, 'High': 34736.0, 'Low': 34585.6, 'Close': 34630.2}"
248,2023-10-25 23:15:00,34417.8,34485.0,34396.9,34480.6,2273.034,,,False,False,False,
249,2023-10-25 23:30:00,34480.7,34533.0,34426.6,34496.3,2011.776,,,False,False,False,
250,2023-10-25 23:45:00,34496.3,34499.0,34438.5,34487.7,918.93,,,False,False,False,
251,2023-10-26 00:00:00,34487.8,34525.3,34432.8,34509.2,2369.144,,,False,False,False,
252,2023-10-26 00:15:00,34509.1,34560.1,34490.0,34558.4,1569.357,,,False,False,False,
253,2023-10-26 00:30:00,34558.4,34593.0,34522.6,34538.0,1668.011,,,False,False,False,
254,2023-10-26 00:45:00,34538.0,34704.0,34407.2,34650.1,5794.874,,34407.2,False,False,False,
255,2023-10-26 01:00:00,34650.0,34723.1,34633.3,34652.7,3928.159,,,False,False,False,
256,2023-10-26 01:15:00,34652.7,34733.7,34648.0,34731.8,1858.908,,,False,False,False,
257,2023-10-26 01:30:00,34731.9,34796.6,34675.2,34690.0,2917.511,34796.6,,False,False,False,
258,2023-10-26 01:45:00,34690.0,34712.6,34653.2,34675.3,2169.056,,,False,False,False,
259,2023-10-26 02:00:00,34675.3,34723.0,34641.7,34666.1,1584.203,,,False,False,False,
260,2023-10-26 02:15:00,34666.0,34716.0,34650.5,34690.8,1034.313,,,False,False,False,
261,2023-10-26 02:30:00,34690.8,34782.0,34686.7,34746.2,1870.617,,,False,False,False,
262,2023-10-26 02:45:00,34746.2,34777.6,34698.6,34740.0,1361.81,,,False,False,False,
263,2023-10-26 03:00:00,34739.9,34775.0,34700.2,34711.0,1410.253,,,False,False,False,
264,2023-10-26 03:15:00,34711.0,34767.2,34702.8,34764.4,1275.85,,,False,False,False,
265,2023-10-26 03:30:00,34764.5,34828.7,34733.9,34758.5,2907.602,34828.7,,False,False,False,
266,2023-10-26 03:45:00,34758.5,34800.5,34717.1,34783.3,1676.258,,,False,False,False,
267,2023-10-26 04:00:00,34783.4,34809.4,34700.5,34710.1,1767.171,,,False,False,False,
268,2023-10-26 04:15:00,34710.0,34734.8,34666.3,34703.9,1775.174,,,False,False,False,
269,2023-10-26 04:30:00,34704.0,34708.7,34664.0,34676.4,1081.807,,,False,False,False,
270,2023-10-26 04:45:00,34676.4,34699.8,34664.0,34699.7,850.641,,,False,False,False,
271,2023-10-26 05:00:00,34699.8,34699.8,34631.0,34665.8,1158.681,,,False,False,False,
272,2023-10-26 05:15:00,34665.8,34666.6,34601.2,34620.0,1676.83,,,False,False,False,
273,2023-10-26 05:30:00,34620.1,34644.4,34560.5,34600.0,1836.115,,,False,False,False,
274,2023-10-26 05:45:00,34600.0,34604.6,34506.4,34518.7,2854.096,,,False,False,False,
275,2023-10-26 06:00:00,34518.7,34524.5,34401.7,34486.9,5801.52,,34401.7,False,False,False,
276,2023-10-26 06:15:00,34486.9,34524.0,34459.0,34488.1,2170.13,,,False,False,False,
277,2023-10-26 06:30:00,34488.1,34568.9,34475.0,34562.8,2772.87,,,False,False,False,
278,2023-10-26 06:45:00,34562.8,34637.0,34529.1,34613.8,3157.51,,,False,False,False,
279,2023-10-26 07:00:00,34613.8,34699.4,34547.6,34687.9,3286.882,,,False,False,False,
280,2023-10-26 07:15:00,34687.9,34782.0,34643.5,34778.9,5746.357,,,False,False,False,
281,2023-10-26 07:30:00,34778.9,34784.8,34682.9,34701.7,4173.453,34784.8,,False,False,False,
282,2023-10-26 07:45:00,34701.6,34705.8,34617.2,34648.7,2838.354,,,False,False,False,
283,2023-10-26 08:00:00,34648.6,34745.0,34500.6,34552.7,6093.506,,,False,False,False,
284,2023-10-26 08:15:00,34552.7,34611.5,34501.0,34501.5,3238.889,,,False,False,False,
285,2023-10-26 08:30:00,34501.5,34587.1,34500.0,34581.2,2332.993,,,False,False,False,
286,2023-10-26 08:45:00,34581.2,34610.0,34500.0,34517.9,2810.359,,,False,False,False,
287,2023-10-26 09:00:00,34517.9,34584.7,34451.0,34483.8,3003.263,,,False,False,False,
288,2023-10-26 09:15:00,34483.9,34483.9,34400.0,34408.3,4030.79,,,False,False,False,
289,2023-10-26 09:30:00,34408.3,34481.6,34405.3,34455.0,1728.547,,,False,False,False,
290,2023-10-26 09:45:00,34455.0,34485.0,34426.6,34428.4,1642.259,,,False,False,False,
291,2023-10-26 10:00:00,34428.4,34436.4,34299.8,34426.0,6345.252,,,False,False,False,
292,2023-10-26 10:15:00,34426.0,34458.3,34360.0,34402.0,2787.976,,,False,False,False,
293,2023-10-26 10:30:00,34402.0,34450.0,34254.3,34271.8,6335.078,,,False,False,False,
294,2023-10-26 10:45:00,34271.9,34299.2,34100.0,34277.2,11182.202,,,False,False,False,
295,2023-10-26 11:00:00,34277.1,34321.0,34265.4,34305.6,2806.526,,,False,False,False,
296,2023-10-26 11:15:00,34305.6,34308.0,34132.8,34177.9,5770.01,,,False,False,False,
297,2023-10-26 11:30:00,34177.9,34200.0,34002.0,34058.4,9800.487,,,False,False,False,
298,2023-10-26 11:45:00,34058.3,34128.5,33963.0,34104.2,8876.761,,33963.0,False,True,False,
299,2023-10-26 12:00:00,34104.1,34199.3,34082.0,34196.3,5703.27,,,False,True,False,
300,2023-10-26 12:15:00,34196.2,34263.3,34150.5,34229.9,4090.133,,,False,True,False,
301,2023-10-26 12:30:00,34229.9,34332.5,34201.9,34305.3,5077.706,,,False,True,False,
302,2023-10-26 12:45:00,34305.3,34314.5,34210.7,34250.9,4513.535,,,False,True,False,
303,2023-10-26 13:00:00,34250.9,34314.5,34250.9,34309.1,2045.696,,,False,True,False,
304,2023-10-26 13:15:00,34309.0,34368.1,34226.8,34261.4,3177.971,34368.1,,False,False,False,
305,2023-10-26 13:30:00,34261.5,34335.0,34155.0,34306.9,5228.857,,,False,False,False,
306,2023-10-26 13:45:00,34306.9,34362.4,34160.7,34167.4,4622.888,,,False,False,False,
307,2023-10-26 14:00:00,34167.4,34329.5,34132.5,34300.4,4243.219,,,False,False,False,
308,2023-10-26 14:15:00,34300.4,34323.0,34155.0,34277.3,3448.378,,,False,False,False,
309,2023-10-26 14:30:00,34277.4,34291.9,33830.0,34079.8,20933.388,,33830.0,False,True,False,
310,2023-10-26 14:45:00,34079.7,34229.9,34051.0,34198.0,7490.256,,,False,True,False,
311,2023-10-26 15:00:00,34198.0,34262.4,34084.6,34101.5,4846.14,,,False,True,False,
312,2023-10-26 15:15:00,34101.5,34108.4,33860.0,33919.4,11820.541,,,False,True,False,
313,2023-10-26 15:30:00,33919.2,34037.4,33859.0,33917.9,8427.86,,,False,True,False,
314,2023-10-26 15:45:00,33917.8,34067.9,33893.1,34050.0,5013.464,,,False,True,False,
315,2023-10-26 16:00:00,34050.1,34088.4,33962.7,33996.5,4092.75,,,False,True,False,
316,2023-10-26 16:15:00,33996.6,34067.5,33952.7,34016.5,4014.698,,,False,True,False,
317,2023-10-26 16:30:00,34016.6,34047.6,33875.1,33890.5,4962.073,,,False,True,False,
318,2023-10-26 16:45:00,33890.5,33934.0,33750.0,33777.6,9567.151,,33750.0,False,False,False,
319,2023-10-26 17:00:00,33777.7,33891.0,33754.6,33862.8,4996.54,,,False,False,False,
320,2023-10-26 17:15:00,33862.8,33909.9,33825.0,33873.5,2279.132,,,False,False,False,
321,2023-10-26 17:30:00,33873.4,33878.7,33802.3,33871.2,1790.112,,,False,False,False,
322,2023-10-26 17:45:00,33871.2,33984.8,33871.2,33960.0,2977.448,,,False,False,False,
323,2023-10-26 18:00:00,33960.1,34045.2,33946.4,34030.6,2946.077,,,False,False,False,
324,2023-10-26 18:15:00,34030.7,34048.1,33970.8,34032.2,2565.598,,,False,False,False,
325,2023-10-26 18:30:00,34032.2,34094.4,34007.4,34019.1,2426.722,,,False,False,False,
326,2023-10-26 18:45:00,34019.1,34036.8,33977.0,33987.0,1610.916,,,False,False,False,
327,2023-10-26 19:00:00,33986.9,34083.4,33963.2,33982.2,2182.489,,,False,False,False,
328,2023-10-26 19:15:00,33982.3,34036.1,33955.6,33960.0,1592.352,,,False,False,False,
329,2023-10-26 19:30:00,33959.9,34002.0,33920.5,33992.4,1680.899,,33920.5,False,False,False,
330,2023-10-26 19:45:00,33992.3,34150.0,33992.3,34052.1,5155.414,,,False,False,False,
331,2023-10-26 20:00:00,34052.2,34155.3,34026.6,34154.3,3865.983,,,False,False,False,
332,2023-10-26 20:15:00,34154.2,34210.0,34098.1,34190.3,2942.166,,,False,False,False,
333,2023-10-26 20:30:00,34190.2,34224.1,34137.6,34168.5,2391.267,,,False,False,False,
334,2023-10-26 20:45:00,34168.6,34198.9,34132.1,34189.1,1068.027,,,False,False,False,
335,2023-10-26 21:00:00,34189.0,34225.0,34159.7,34191.3,1246.78,34225.0,,False,False,False,
336,2023-10-26 21:15:00,34191.3,34191.4,34111.0,34138.9,1348.441,,,False,False,False,
337,2023-10-26 21:30:00,34138.9,34146.6,34090.0,34117.1,937.558,,34090.0,False,False,False,
338,2023-10-26 21:45:00,34117.1,34140.1,34114.6,34124.7,592.209,,,False,False,False,
339,2023-10-26 22:00:00,34124.6,34203.2,34124.6,34179.1,1802.841,,,False,False,False,
340,2023-10-26 22:15:00,34179.1,34207.4,34150.2,34205.4,1031.265,,,False,False,False,
341,2023-10-26 22:30:00,34205.4,34219.6,34179.0,34215.9,1145.373,,,False,False,False,
342,2023-10-26 22:45:00,34215.9,34262.0,34170.0,34236.7,2221.589,,,False,False,False,
343,2023-10-26 23:00:00,34236.7,34259.3,34196.2,34254.5,1222.56,,,False,False,False,
344,2023-10-26 23:15:00,34254.4,34287.5,34199.4,34203.7,2050.636,34287.5,,True,False,False,
345,2023-10-26 23:30:00,34203.7,34203.8,34140.5,34152.8,1721.349,,,True,False,False,
346,2023-10-26 23:45:00,34152.9,34174.0,34136.4,34154.0,1312.832,,,True,False,False,
347,2023-10-27 00:00:00,34154.0,34179.6,34078.7,34117.3,3110.03,,,True,False,False,
348,2023-10-27 00:15:00,34117.4,34131.3,34035.0,34115.5,2169.987,,,True,False,False,
349,2023-10-27 00:30:00,34115.5,34128.9,34027.0,34031.2,1614.396,,,True,False,False,
350,2023-10-27 00:45:00,34031.3,34062.8,33972.0,34020.0,2707.411,,,True,False,False,
351,2023-10-27 01:00:00,34020.1,34059.8,33931.5,34020.6,3549.712,,,True,False,False,
352,2023-10-27 01:15:00,34020.5,34020.6,33930.2,33949.4,2420.632,,,True,False,False,
353,2023-10-27 01:30:00,33949.3,34002.0,33936.5,33989.1,1353.888,,,True,False,False,
354,2023-10-27 01:45:00,33989.1,33989.1,33774.0,33849.0,7599.004,,33774.0,False,False,True,"{'Open': 34189.0, 'High': 34225.0, 'Low': 34159.7, 'Close': 34191.3}"
355,2023-10-27 02:00:00,33849.0,33989.3,33806.4,33981.3,3950.533,,,False,False,False,
356,2023-10-27 02:15:00,33981.3,34104.0,33975.0,34075.7,3735.835,,,False,False,False,
357,2023-10-27 02:30:00,34075.8,34149.9,34068.9,34100.0,2205.166,,,False,False,False,
358,2023-10-27 02:45:00,34099.9,34141.6,34084.2,34093.0,1273.899,,,False,False,False,
359,2023-10-27 03:00:00,34093.0,34112.0,34053.1,34103.0,1765.699,,,False,False,False,
360,2023-10-27 03:15:00,34103.0,34148.9,34100.3,34101.6,1592.712,,,False,False,False,
361,2023-10-27 03:30:00,34101.6,34156.6,34082.0,34123.4,1260.526,,,False,False,False,
362,2023-10-27 03:45:00,34123.4,34137.4,34088.0,34124.0,810.974,,,False,False,False,
363,2023-10-27 04:00:00,34124.1,34128.6,34086.5,34109.3,1139.595,,,False,False,False,
364,2023-10-27 04:15:00,34109.3,34121.5,34010.0,34021.4,2506.834,,,False,False,False,
365,2023-10-27 04:30:00,34021.5,34084.4,34010.0,34078.0,1405.185,,,False,False,False,
366,2023-10-27 04:45:00,34078.1,34197.0,34078.0,34099.1,3569.552,34197.0,,False,False,False,
367,2023-10-27 05:00:00,34099.1,34110.6,34034.5,34055.9,2185.649,,,False,False,False,
368,2023-10-27 05:15:00,34055.9,34056.4,33969.6,34038.2,2122.944,,33969.6,False,False,False,
369,2023-10-27 05:30:00,34038.2,34124.4,34031.7,34112.8,1946.78,,,False,False,False,
370,2023-10-27 05:45:00,34112.9,34125.0,34074.0,34087.2,1395.684,,,False,False,False,
371,2023-10-27 06:00:00,34087.1,34170.0,34074.9,34157.3,1444.001,,,False,False,False,
372,2023-10-27 06:15:00,34157.3,34164.0,34086.8,34117.5,1177.037,,,False,False,False,
373,2023-10-27 06:30:00,34117.5,34172.1,34104.2,34156.8,1354.271,,,False,False,False,
374,2023-10-27 06:45:00,34156.9,34253.3,34156.8,34242.4,3031.869,34253.3,,True,False,False,
375,2023-10-27 07:00:00,34242.4,34245.8,34140.9,34141.0,2081.113,,,True,False,False,
376,2023-10-27 07:15:00,34141.0,34190.0,34110.0,34117.8,2120.572,,,True,False,False,
377,2023-10-27 07:30:00,34117.7,34146.4,34056.1,34065.5,2392.22,,,True,False,False,
378,2023-10-27 07:45:00,34065.5,34074.9,33929.3,33954.0,4781.405,,33929.3,False,False,True,"{'Open': 34078.1, 'High': 34197.0, 'Low': 34078.0, 'Close': 34099.1}"
379,2023-10-27 08:00:00,33954.0,34041.0,33950.0,34009.5,3014.43,,,False,False,False,
380,2023-10-27 08:15:00,34009.6,34058.0,33990.0,34009.2,1663.111,,,False,False,False,
381,2023-10-27 08:30:00,34009.2,34078.1,33986.0,34076.7,1538.494,,,False,False,False,
382,2023-10-27 08:45:00,34076.7,34141.4,34063.2,34092.0,3027.361,,,False,False,False,
383,2023-10-27 09:00:00,34092.1,34157.5,34092.0,34138.1,1869.476,,,False,False,False,
384,2023-10-27 09:15:00,34138.1,34185.0,34138.0,34184.5,1451.902,,,False,False,False,
385,2023-10-27 09:30:00,34184.4,34185.3,34090.0,34120.0,2282.053,34185.3,,False,False,False,
386,2023-10-27 09:45:00,34120.0,34167.5,34096.7,34165.4,1647.43,,,False,False,False,
387,2023-10-27 10:00:00,34165.3,34183.4,34108.4,34127.9,2042.948,,,False,False,False,
388,2023-10-27 10:15:00,34127.9,34158.7,34120.1,34156.2,1178.94,,,False,False,False,
389,2023-10-27 10:30:00,34156.1,34156.1,34101.5,34108.9,1316.758,,,False,False,False,
390,2023-10-27 10:45:00,34108.9,34132.0,34077.0,34080.7,1419.913,,,False,False,False,
391,2023-10-27 11:00:00,34080.6,34110.0,34024.0,34076.8,2288.595,,,False,False,False,
392,2023-10-27 11:15:00,34076.8,34088.1,34010.0,34019.0,1812.709,,,False,False,False,
393,2023-10-27 11:30:00,34019.1,34055.5,33978.6,33987.6,2819.481,,,False,False,False,
394,2023-10-27 11:45:00,33987.6,34080.0,33982.4,34055.3,2272.234,,,False,False,False,
395,2023-10-27 12:00:00,34055.1,34086.9,33984.0,34020.0,2439.944,,,False,False,False,
396,2023-10-27 12:15:00,34020.0,34099.3,33940.0,33969.9,3111.515,,,False,False,False,
397,2023-10-27 12:30:00,33970.0,34075.9,33912.1,34054.0,4737.564,,33912.1,False,True,False,
398,2023-10-27 12:45:00,34054.0,34220.0,34052.0,34138.0,6791.988,34220.0,,False,False,True,"{'Open': 34065.5, 'High': 34074.9, 'Low': 33929.3, 'Close': 33954.0}"
399,2023-10-27 13:00:00,34138.0,34205.4,34113.0,34140.0,3132.692,,,False,False,False,
400,2023-10-27 13:15:00,34140.0,34198.0,34104.7,34195.2,2087.507,,,False,False,False,
401,2023-10-27 13:30:00,34195.2,34211.4,34137.0,34185.0,3523.98,,,False,False,False,
402,2023-10-27 13:45:00,34185.0,34189.5,34118.0,34167.3,2432.491,,,False,False,False,
403,2023-10-27 14:00:00,34167.3,34173.9,34037.5,34038.7,4755.635,,,False,False,False,
404,2023-10-27 14:15:00,34038.6,34038.7,33930.7,33931.6,7018.706,,,False,False,False,
405,2023-10-27 14:30:00,33931.6,34012.9,33853.0,33942.1,8411.339,,,False,False,False,
406,2023-10-27 14:45:00,33942.0,33971.2,33875.0,33913.5,4240.269,,,False,False,False,
407,2023-10-27 15:00:00,33913.4,33965.6,33826.5,33924.6,5910.689,,33826.5,False,False,False,
408,2023-10-27 15:15:00,33924.5,33975.0,33909.4,33948.3,2354.143,,,False,False,False,
409,2023-10-27 15:30:00,33948.3,34135.9,33946.5,34117.2,5532.362,34135.9,,False,False,False,
410,2023-10-27 15:45:00,34117.2,34117.2,33937.5,34010.9,4301.145,,,False,False,False,
411,2023-10-27 16:00:00,34010.8,34042.2,33975.0,34006.7,2166.867,,,False,False,False,
412,2023-10-27 16:15:00,34006.7,34031.8,33962.8,33993.2,1405.614,,,False,False,False,
413,2023-10-27 16:30:00,33993.2,33993.3,33925.6,33925.6,1457.01,,,False,False,False,
414,2023-10-27 16:45:00,33925.6,33936.9,33855.6,33881.0,3449.079,,,False,False,False,
415,2023-10-27 17:00:00,33881.0,33900.0,33350.0,33654.1,24767.426,,33350.0,False,True,False,
416,2023-10-27 17:15:00,33654.1,33741.9,33636.8,33719.3,5994.954,,,False,True,False,
417,2023-10-27 17:30:00,33719.4,33744.6,33620.7,33667.8,3995.412,,,False,True,False,
418,2023-10-27 17:45:00,33667.8,33699.5,33581.5,33609.1,2855.828,,,False,True,False,
419,2023-10-27 18:00:00,33609.1,33684.2,33550.0,33566.0,4499.672,,,False,True,False,
420,2023-10-27 18:15:00,33566.1,33612.6,33425.1,33448.8,6726.43,,,False,True,False,
421,2023-10-27 18:30:00,33448.8,33669.3,33402.4,33638.0,7699.567,,33402.4,False,False,False,
422,2023-10-27 18:45:00,33637.9,33665.7,33569.0,33604.4,2947.54,,,False,False,False,
423,2023-10-27 19:00:00,33604.4,33674.6,33598.7,33656.5,2140.655,,,False,False,False,
424,2023-10-27 19:15:00,33656.6,33676.8,33628.5,33667.4,1119.326,,,False,False,False,
425,2023-10-27 19:30:00,33667.3,33698.4,33612.0,33680.3,2414.047,,,False,False,False,
426,2023-10-27 19:45:00,33680.3,33717.3,33662.0,33705.5,1796.364,,,False,False,False,
427,2023-10-27 20:00:00,33705.6,33728.7,33686.0,33714.5,1680.988,,,False,False,False,
428,2023-10-27 20:15:00,33714.4,33780.0,33708.6,33776.8,2646.052,,,False,False,False,
429,2023-10-27 20:30:00,33776.8,33885.6,33762.3,33790.9,3816.838,33885.6,,False,False,False,
430,2023-10-27 20:45:00,33790.9,33841.0,33770.2,33835.2,1428.796,,,False,False,False,
431,2023-10-27 21:00:00,33835.2,33870.0,33793.8,33844.8,1708.698,,,False,False,False,
432,2023-10-27 21:15:00,33844.8,33847.2,33780.6,33789.1,1480.018,,,False,False,False,
433,2023-10-27 21:30:00,33789.2,33870.6,33789.1,33842.2,1171.237,,,False,False,False,
434,2023-10-27 21:45:00,33842.3,33860.0,33831.8,33843.9,695.771,,,False,False,False,
435,2023-10-27 22:00:00,33843.9,33849.6,33822.2,33833.3,897.8,,,False,False,False,
436,2023-10-27 22:15:00,33833.3,33850.0,33797.2,33847.6,1138.341,,,False,False,False,
437,2023-10-27 22:30:00,33847.6,33880.0,33805.5,33809.3,1283.566,,,False,False,False,
438,2023-10-27 22:45:00,33809.2,33849.5,33802.0,33813.8,694.938,,,False,False,False,
439,2023-10-27 23:00:00,33813.8,33846.0,33788.5,33846.0,887.134,,33788.5,False,False,False,
440,2023-10-27 23:15:00,33846.0,33850.0,33831.0,33845.3,689.474,,,False,False,False,
441,2023-10-27 23:30:00,33845.2,33948.9,33840.0,33908.0,3324.456,33948.9,,True,False,False,
442,2023-10-27 23:45:00,33908.0,33922.8,33886.9,33893.1,870.161,,,True,False,False,
443,2023-10-28 00:00:00,33893.2,33913.3,33891.0,33891.9,956.885,,,True,False,False,
444,2023-10-28 00:15:00,33892.0,33920.0,33867.4,33918.7,983.929,,,True,False,False,
445,2023-10-28 00:30:00,33918.7,33940.0,33894.8,33900.0,1011.589,,,True,False,False,
446,2023-10-28 00:45:00,33900.0,33904.0,33890.1,33897.5,607.147,,,True,False,False,
447,2023-10-28 01:00:00,33897.6,33914.1,33874.8,33885.0,943.999,,,True,False,False,
448,2023-10-28 01:15:00,33885.0,33907.2,33875.0,33880.1,784.898,,,True,False,False,
449,2023-10-28 01:30:00,33880.1,33904.8,33872.1,33888.3,755.671,,,True,False,False,
450,2023-10-28 01:45:00,33888.3,33924.4,33885.4,33924.4,645.092,,,True,False,False,
451,2023-10-28 02:00:00,33924.4,33925.0,33906.8,33912.9,772.882,,,True,False,False,
452,2023-10-28 02:15:00,33913.0,33932.9,33909.6,33932.9,453.787,,,True,False,False,
453,2023-10-28 02:30:00,33932.9,33932.9,33911.6,33926.4,482.916,,,True,False,False,
454,2023-10-28 02:45:00,33926.4,34188.8,33919.4,34100.1,8546.028,34188.8,,False,False,False,
455,2023-10-28 03:00:00,34100.2,34107.0,34046.0,34104.9,2058.444,,,False,False,False,
456,2023-10-28 03:15:00,34105.0,34105.0,34036.4,34036.5,1339.01,,,False,False,False,
457,2023-10-28 03:30:00,34036.5,34076.6,34011.1,34053.4,1160.58,,,False,False,False,
458,2023-10-28 03:45:00,34053.4,34076.5,34036.5,34068.5,887.952,,,False,False,False,
459,2023-10-28 04:00:00,34068.5,34070.4,34044.9,34047.9,802.686,,,False,False,False,
460,2023-10-28 04:15:00,34047.9,34064.5,34026.0,34053.3,664.966,,,False,False,False,
461,2023-10-28 04:30:00,34053.3,34080.0,34036.6,34080.0,670.797,,,False,False,False,
462,2023-10-28 04:45:00,34080.0,34098.0,34074.9,34096.8,922.66,,,False,False,False,
463,2023-10-28 05:00:00,34096.9,34149.4,34091.2,34143.5,2219.747,,,False,False,False,
464,2023-10-28 05:15:00,34143.5,34199.5,34114.0,34127.9,2851.445,34199.5,,False,False,False,
465,2023-10-28 05:30:00,34127.8,34146.1,34071.0,34135.0,2103.28,,,False,False,False,
466,2023-10-28 05:45:00,34135.0,34138.8,34089.0,34092.5,810.636,,,False,False,False,
467,2023-10-28 06:00:00,34092.6,34125.6,34065.0,34124.2,1189.079,,,False,False,False,
468,2023-10-28 06:15:00,34124.1,34128.8,34087.5,34114.1,925.347,,,False,False,False,
469,2023-10-28 06:30:00,34114.0,34116.0,34075.0,34087.4,847.178,,,False,False,False,
470,2023-10-28 06:45:00,34087.4,34109.6,34040.0,34066.4,1461.032,,,False,False,False,
471,2023-10-28 07:00:00,34066.4,34080.9,34052.5,34068.1,761.399,,,False,False,False,
472,2023-10-28 07:15:00,34068.0,34094.7,34068.0,34086.9,632.669,,,False,False,False,
473,2023-10-28 07:30:00,34086.8,34095.2,34083.9,34086.0,556.428,,,False,False,False,
474,2023-10-28 07:45:00,34085.9,34087.3,34041.9,34057.2,1137.851,,,False,False,False,
475,2023-10-28 08:00:00,34057.2,34073.6,34038.0,34072.1,1071.259,,34038.0,False,False,False,
476,2023-10-28 08:15:00,34072.1,34099.7,34051.3,34070.3,754.595,,,False,False,False,
477,2023-10-28 08:30:00,34070.3,34105.7,34070.2,34105.7,762.521,,,False,False,False,
478,2023-10-28 08:45:00,34105.6,34120.2,34078.2,34101.7,849.285,,,False,False,False,
479,2023-10-28 09:00:00,34101.8,34106.2,34065.4,34094.4,688.065,,,False,False,False,
480,2023-10-28 09:15:00,34094.4,34114.0,34068.6,34079.1,857.642,,,False,False,False,
481,2023-10-28 09:30:00,34079.0,34126.0,34075.5,34107.0,933.607,,,False,False,False,
482,2023-10-28 09:45:00,34107.0,34129.3,34097.5,34098.2,753.282,,,False,False,False,
483,2023-10-28 10:00:00,34098.2,34116.3,34098.1,34110.0,513.009,,,False,False,False,
484,2023-10-28 10:15:00,34110.1,34113.3,34090.2,34113.2,539.604,,,False,False,False,
485,2023-10-28 10:30:00,34113.2,34116.2,34081.5,34081.5,645.304,,,False,False,False,
486,2023-10-28 10:45:00,34081.5,34115.0,34081.5,34114.9,611.917,,,False,False,False,
487,2023-10-28 11:00:00,34114.8,34195.0,34106.9,34175.6,2706.38,,,False,False,False,
488,2023-10-28 11:15:00,34175.6,34535.8,34174.8,34326.0,16163.067,34535.8,,False,False,False,
489,2023-10-28 11:30:00,34326.0,34386.8,34134.1,34212.9,8721.332,,,False,False,False,
490,2023-10-28 11:45:00,34212.9,34235.2,34162.0,34182.5,3732.014,,,False,False,False,
491,2023-10-28 12:00:00,34182.5,34222.0,34137.1,34147.5,2440.146,,,False,False,False,
492,2023-10-28 12:15:00,34147.6,34187.3,34101.0,34162.6,3193.541,,,False,False,False,
493,2023-10-28 12:30:00,34162.5,34168.5,34134.0,34147.4,1083.397,,,False,False,False,
494,2023-10-28 12:45:00,34147.4,34151.4,33930.0,34035.9,9785.307,,33930.0,False,False,False,
495,2023-10-28 13:00:00,34035.9,34072.5,33937.8,34063.9,3178.312,,,False,False,False,
496,2023-10-28 13:15:00,34064.0,34095.7,34044.0,34076.9,1458.585,,,False,False,False,
497,2023-10-28 13:30:00,34076.9,34110.8,34072.8,34074.0,1430.082,,,False,False,False,
498,2023-10-28 13:45:00,34074.0,34145.7,34064.3,34142.2,1553.937,,,False,False,False,
499,2023-10-28 14:00:00,34142.3,34164.0,34100.0,34119.3,583.652,,,False,False,False,
